node,ID
0,0
1,1
2,2
4,3
6,4
7,5
8,6
10,7
11,8
12,9
13,10
15,11
16,12
17,13
18,14
19,15
20,16
21,17
22,18
23,19
25,20
26,21
27,22
28,23
29,24
30,25
33,26
36,27
37,28
38,29
39,30
41,31
42,32
43,33
45,34
46,35
47,36
48,37
49,38
50,39
51,40
52,41
53,42
54,43
55,44
56,45
57,46
59,47
60,48
61,49
62,50
63,51
65,52
67,53
70,54
72,55
73,56
74,57
75,58
76,59
77,60
78,61
79,62
80,63
81,64
84,65
85,66
86,67
87,68
88,69
89,70
90,71
91,72
93,73
94,74
95,75
96,76
97,77
98,78
100,79
101,80
102,81
103,82
104,83
106,84
107,85
110,86
112,87
113,88
114,89
115,90
116,91
117,92
118,93
119,94
120,95
121,96
122,97
124,98
126,99
127,100
128,101
129,102
130,103
132,104
133,105
134,106
135,107
136,108
139,109
140,110
141,111
143,112
144,113
146,114
147,115
148,116
149,117
152,118
154,119
156,120
158,121
160,122
161,123
163,124
164,125
165,126
166,127
169,128
170,129
171,130
175,131
176,132
177,133
179,134
182,135
183,136
184,137
186,138
189,139
192,140
193,141
194,142
195,143
196,144
197,145
198,146
200,147
201,148
202,149
203,150
204,151
206,152
207,153
208,154
209,155
211,156
212,157
213,158
216,159
217,160
218,161
219,162
221,163
222,164
224,165
226,166
229,167
233,168
234,169
235,170
236,171
238,172
239,173
240,174
242,175
244,176
245,177
247,178
248,179
249,180
250,181
252,182
254,183
255,184
256,185
257,186
258,187
259,188
261,189
264,190
265,191
267,192
268,193
269,194
270,195
271,196
273,197
275,198
276,199
277,200
278,201
279,202
280,203
282,204
283,205
284,206
285,207
287,208
289,209
290,210
292,211
293,212
294,213
295,214
296,215
297,216
298,217
301,218
302,219
304,220
306,221
307,222
308,223
309,224
310,225
311,226
312,227
313,228
315,229
316,230
317,231
318,232
319,233
321,234
322,235
323,236
324,237
325,238
326,239
327,240
329,241
330,242
331,243
334,244
335,245
337,246
338,247
343,248
344,249
345,250
346,251
347,252
348,253
350,254
352,255
354,256
356,257
357,258
358,259
359,260
360,261
361,262
362,263
363,264
365,265
366,266
367,267
368,268
372,269
373,270
374,271
375,272
376,273
378,274
379,275
380,276
381,277
384,278
387,279
388,280
390,281
392,282
393,283
394,284
395,285
397,286
398,287
399,288
400,289
401,290
402,291
403,292
404,293
405,294
406,295
407,296
409,297
410,298
412,299
413,300
414,301
415,302
417,303
418,304
419,305
420,306
422,307
423,308
424,309
426,310
427,311
428,312
431,313
432,314
433,315
436,316
437,317
439,318
441,319
442,320
444,321
445,322
446,323
447,324
448,325
449,326
450,327
452,328
453,329
454,330
456,331
457,332
458,333
459,334
460,335
462,336
463,337
465,338
466,339
468,340
469,341
470,342
471,343
472,344
473,345
474,346
475,347
476,348
477,349
478,350
480,351
481,352
482,353
484,354
485,355
486,356
488,357
489,358
490,359
491,360
492,361
493,362
494,363
495,364
497,365
499,366
500,367
501,368
502,369
503,370
504,371
507,372
508,373
509,374
510,375
511,376
512,377
513,378
517,379
518,380
520,381
521,382
522,383
524,384
525,385
527,386
528,387
529,388
530,389
531,390
532,391
534,392
535,393
536,394
537,395
538,396
541,397
545,398
547,399
548,400
550,401
552,402
553,403
554,404
555,405
556,406
560,407
561,408
562,409
563,410
564,411
565,412
566,413
567,414
568,415
570,416
571,417
573,418
574,419
575,420
576,421
577,422
579,423
580,424
581,425
582,426
583,427
584,428
585,429
586,430
588,431
589,432
591,433
592,434
593,435
594,436
595,437
598,438
599,439
600,440
601,441
602,442
603,443
604,444
605,445
607,446
608,447
609,448
610,449
611,450
612,451
613,452
616,453
618,454
619,455
620,456
622,457
623,458
624,459
626,460
627,461
628,462
629,463
630,464
631,465
632,466
633,467
634,468
635,469
636,470
637,471
638,472
641,473
642,474
643,475
644,476
645,477
646,478
648,479
649,480
650,481
652,482
654,483
656,484
657,485
658,486
659,487
660,488
661,489
662,490
664,491
665,492
666,493
667,494
668,495
669,496
671,497
672,498
675,499
676,500
677,501
678,502
679,503
680,504
681,505
683,506
684,507
685,508
686,509
687,510
688,511
689,512
690,513
693,514
694,515
696,516
697,517
698,518
704,519
705,520
706,521
707,522
708,523
709,524
711,525
712,526
713,527
715,528
717,529
719,530
721,531
722,532
723,533
724,534
725,535
726,536
727,537
728,538
729,539
730,540
731,541
732,542
733,543
734,544
735,545
736,546
737,547
739,548
740,549
741,550
742,551
744,552
745,553
746,554
747,555
748,556
749,557
751,558
752,559
753,560
754,561
755,562
756,563
757,564
758,565
760,566
762,567
764,568
765,569
766,570
768,571
769,572
770,573
772,574
773,575
774,576
775,577
776,578
777,579
778,580
779,581
780,582
781,583
782,584
783,585
784,586
785,587
786,588
787,589
789,590
790,591
792,592
794,593
798,594
800,595
801,596
802,597
803,598
804,599
805,600
806,601
807,602
808,603
809,604
810,605
811,606
812,607
813,608
815,609
817,610
818,611
820,612
822,613
823,614
826,615
827,616
828,617
829,618
830,619
831,620
832,621
833,622
834,623
835,624
836,625
838,626
839,627
840,628
841,629
842,630
843,631
844,632
845,633
846,634
849,635
851,636
853,637
856,638
858,639
859,640
860,641
861,642
862,643
863,644
865,645
866,646
867,647
869,648
870,649
871,650
872,651
873,652
874,653
875,654
877,655
878,656
880,657
881,658
884,659
887,660
888,661
889,662
890,663
891,664
892,665
893,666
894,667
895,668
897,669
898,670
899,671
900,672
901,673
904,674
905,675
906,676
907,677
911,678
914,679
916,680
919,681
920,682
921,683
923,684
924,685
925,686
926,687
927,688
928,689
930,690
931,691
932,692
933,693
934,694
936,695
937,696
939,697
941,698
942,699
946,700
948,701
949,702
950,703
951,704
952,705
954,706
955,707
956,708
957,709
958,710
961,711
962,712
964,713
965,714
966,715
968,716
969,717
970,718
971,719
972,720
974,721
977,722
979,723
980,724
983,725
984,726
985,727
986,728
988,729
989,730
990,731
991,732
992,733
993,734
994,735
1001,736
1002,737
1003,738
1006,739
1007,740
1008,741
1009,742
1010,743
1012,744
1014,745
1016,746
1017,747
1018,748
1019,749
1021,750
1022,751
1023,752
1027,753
1028,754
1029,755
1030,756
1034,757
1036,758
1037,759
1039,760
1040,761
1041,762
1043,763
1044,764
1046,765
1048,766
1050,767
1051,768
1052,769
1053,770
1054,771
1056,772
1057,773
1062,774
1063,775
1064,776
1065,777
1068,778
1069,779
1071,780
1072,781
1074,782
1076,783
1077,784
1078,785
1079,786
1080,787
1081,788
1082,789
1083,790
1084,791
1085,792
1086,793
1087,794
1089,795
1092,796
1093,797
1095,798
1096,799
1097,800
1101,801
1103,802
1105,803
1107,804
1108,805
1110,806
1111,807
1112,808
1113,809
1114,810
1115,811
1116,812
1117,813
1118,814
1119,815
1120,816
1121,817
1122,818
1123,819
1124,820
1125,821
1127,822
1128,823
1129,824
1131,825
1133,826
1134,827
1138,828
1139,829
1141,830
1142,831
1143,832
1144,833
1145,834
1151,835
1152,836
1153,837
1157,838
1159,839
1160,840
1162,841
1163,842
1164,843
1167,844
1168,845
1169,846
1170,847
1171,848
1172,849
1173,850
1174,851
1175,852
1176,853
1178,854
1180,855
1181,856
1182,857
1183,858
1184,859
1188,860
1190,861
1194,862
1195,863
1196,864
1198,865
1200,866
1201,867
1202,868
1204,869
1205,870
1206,871
1207,872
1208,873
1209,874
1210,875
1211,876
1212,877
1213,878
1214,879
1216,880
1217,881
1218,882
1219,883
1221,884
1222,885
1223,886
1224,887
1225,888
1226,889
1227,890
1229,891
1230,892
1234,893
1236,894
1237,895
1239,896
1240,897
1242,898
1243,899
1246,900
1247,901
1249,902
1250,903
1252,904
1253,905
1255,906
1257,907
1261,908
1263,909
1264,910
1265,911
1267,912
1269,913
1270,914
1274,915
1275,916
1276,917
1277,918
1279,919
1280,920
1284,921
1285,922
1287,923
1288,924
1289,925
1290,926
1291,927
1292,928
1293,929
1294,930
1296,931
1297,932
1298,933
1301,934
1302,935
1303,936
1305,937
1308,938
1309,939
1310,940
1311,941
1312,942
1313,943
1317,944
1319,945
1320,946
1321,947
1322,948
1323,949
1326,950
1328,951
1330,952
1331,953
1332,954
1333,955
1334,956
1335,957
1337,958
1338,959
1339,960
1340,961
1343,962
1344,963
1345,964
1346,965
1347,966
1349,967
1350,968
1351,969
1352,970
1353,971
1356,972
1357,973
1358,974
1359,975
1360,976
1361,977
1362,978
1364,979
1365,980
1367,981
1368,982
1373,983
1377,984
1378,985
1380,986
1383,987
1385,988
1387,989
1390,990
1391,991
1392,992
1393,993
1395,994
1396,995
1397,996
1398,997
1399,998
1402,999
1403,1000
1404,1001
1405,1002
1406,1003
1407,1004
1408,1005
1409,1006
1410,1007
1411,1008
1414,1009
1415,1010
1416,1011
1419,1012
1420,1013
1423,1014
1425,1015
1427,1016
1430,1017
1431,1018
1432,1019
1433,1020
1434,1021
1436,1022
1437,1023
1438,1024
1441,1025
1442,1026
1444,1027
1445,1028
1446,1029
1447,1030
1450,1031
1455,1032
1456,1033
1457,1034
1458,1035
1459,1036
1460,1037
1461,1038
1462,1039
1463,1040
1465,1041
1466,1042
1467,1043
1468,1044
1472,1045
1474,1046
1475,1047
1476,1048
1477,1049
1478,1050
1479,1051
1483,1052
1484,1053
1487,1054
1489,1055
1490,1056
1491,1057
1493,1058
1494,1059
1495,1060
1496,1061
1498,1062
1499,1063
1500,1064
1502,1065
1504,1066
1505,1067
1506,1068
1507,1069
1508,1070
1509,1071
1510,1072
1512,1073
1513,1074
1514,1075
1515,1076
1517,1077
1518,1078
1520,1079
1524,1080
1525,1081
1527,1082
1528,1083
1529,1084
1531,1085
1534,1086
1535,1087
1538,1088
1539,1089
1540,1090
1541,1091
1544,1092
1545,1093
1546,1094
1547,1095
1548,1096
1549,1097
1550,1098
1552,1099
1554,1100
1555,1101
1556,1102
1557,1103
1558,1104
1559,1105
1561,1106
1564,1107
1565,1108
1566,1109
1567,1110
1568,1111
1569,1112
1570,1113
1571,1114
1573,1115
1574,1116
1575,1117
1577,1118
1579,1119
1580,1120
1581,1121
1583,1122
1584,1123
1585,1124
1587,1125
1590,1126
1594,1127
1595,1128
1596,1129
1597,1130
1598,1131
1599,1132
1600,1133
1601,1134
1602,1135
1604,1136
1605,1137
1606,1138
1607,1139
1608,1140
1609,1141
1610,1142
1611,1143
1612,1144
1613,1145
1614,1146
1615,1147
1616,1148
1617,1149
1619,1150
1620,1151
1621,1152
1624,1153
1625,1154
1626,1155
1627,1156
1628,1157
1630,1158
1631,1159
1633,1160
1634,1161
1635,1162
1637,1163
1638,1164
1640,1165
1643,1166
1644,1167
1646,1168
1647,1169
1648,1170
1649,1171
1650,1172
1651,1173
1653,1174
1654,1175
1660,1176
1661,1177
1662,1178
1664,1179
1667,1180
1669,1181
1671,1182
1672,1183
1678,1184
1679,1185
1681,1186
1682,1187
1684,1188
1685,1189
1686,1190
1690,1191
1692,1192
1693,1193
1694,1194
1695,1195
1696,1196
1697,1197
1698,1198
1700,1199
1701,1200
1702,1201
1704,1202
1705,1203
1708,1204
1709,1205
1710,1206
1711,1207
1712,1208
1713,1209
1714,1210
1715,1211
1716,1212
1719,1213
1720,1214
1722,1215
1723,1216
1725,1217
1726,1218
1727,1219
1729,1220
1731,1221
1732,1222
1733,1223
1734,1224
1735,1225
1736,1226
1737,1227
1738,1228
1739,1229
1742,1230
1743,1231
1745,1232
1749,1233
1751,1234
1752,1235
1754,1236
1755,1237
1759,1238
1760,1239
1761,1240
1764,1241
1766,1242
1768,1243
1769,1244
1773,1245
1774,1246
1775,1247
1778,1248
1779,1249
1781,1250
1782,1251
1784,1252
1785,1253
1786,1254
1788,1255
1789,1256
1790,1257
1792,1258
1794,1259
1795,1260
1797,1261
1799,1262
1800,1263
1801,1264
1802,1265
1804,1266
1806,1267
1807,1268
1808,1269
1809,1270
1812,1271
1818,1272
1819,1273
1820,1274
1821,1275
1822,1276
1824,1277
1825,1278
1827,1279
1829,1280
1830,1281
1831,1282
1833,1283
1834,1284
1836,1285
1837,1286
1838,1287
1842,1288
1843,1289
1844,1290
1847,1291
1849,1292
1850,1293
1851,1294
1852,1295
1854,1296
1856,1297
1857,1298
1860,1299
1861,1300
1862,1301
1864,1302
1865,1303
1866,1304
1867,1305
1868,1306
1870,1307
1872,1308
1874,1309
1876,1310
1877,1311
1878,1312
1880,1313
1884,1314
1886,1315
1888,1316
1890,1317
1891,1318
1893,1319
1895,1320
1897,1321
1898,1322
1899,1323
1900,1324
1905,1325
1906,1326
1907,1327
1909,1328
1910,1329
1911,1330
1912,1331
1914,1332
1916,1333
1917,1334
1919,1335
1921,1336
1922,1337
1924,1338
1925,1339
1927,1340
1928,1341
1929,1342
1931,1343
1932,1344
1934,1345
1936,1346
1937,1347
1938,1348
1939,1349
1940,1350
1941,1351
1943,1352
1945,1353
1947,1354
1948,1355
1951,1356
1952,1357
1953,1358
1954,1359
1955,1360
1956,1361
1958,1362
1961,1363
1962,1364
1963,1365
1964,1366
1965,1367
1966,1368
1967,1369
1968,1370
1969,1371
1972,1372
1974,1373
1975,1374
1977,1375
1979,1376
1980,1377
1983,1378
1984,1379
1985,1380
1987,1381
1990,1382
1991,1383
1995,1384
1997,1385
1999,1386
2000,1387
2001,1388
2002,1389
2003,1390
2007,1391
2008,1392
2009,1393
2011,1394
2012,1395
2013,1396
2014,1397
2016,1398
2019,1399
2020,1400
2021,1401
2022,1402
2024,1403
2027,1404
2029,1405
2031,1406
2032,1407
2034,1408
2035,1409
2036,1410
2037,1411
2038,1412
2042,1413
2047,1414
2048,1415
2049,1416
2050,1417
2052,1418
2053,1419
2054,1420
2056,1421
2057,1422
2058,1423
2059,1424
2060,1425
2062,1426
2063,1427
2064,1428
2066,1429
2067,1430
2068,1431
2070,1432
2071,1433
2072,1434
2074,1435
2075,1436
2076,1437
2077,1438
2079,1439
2081,1440
2082,1441
2083,1442
2084,1443
2087,1444
2088,1445
2089,1446
2090,1447
2091,1448
2095,1449
2098,1450
2100,1451
2102,1452
2103,1453
2105,1454
2106,1455
2107,1456
2110,1457
2111,1458
2112,1459
2113,1460
2116,1461
2118,1462
2120,1463
2121,1464
2123,1465
2124,1466
2125,1467
2126,1468
2127,1469
2128,1470
2129,1471
2130,1472
2131,1473
2134,1474
2138,1475
2139,1476
2141,1477
2143,1478
2144,1479
2145,1480
2147,1481
2148,1482
2149,1483
2150,1484
2152,1485
2153,1486
2154,1487
2156,1488
2157,1489
2158,1490
2159,1491
2161,1492
2164,1493
2165,1494
2167,1495
2168,1496
2170,1497
2171,1498
2173,1499
2174,1500
2178,1501
2180,1502
2181,1503
2184,1504
2185,1505
2186,1506
2189,1507
2191,1508
2192,1509
2193,1510
2194,1511
2195,1512
2196,1513
2200,1514
2205,1515
2206,1516
2207,1517
2208,1518
2209,1519
2210,1520
2212,1521
2215,1522
2216,1523
2219,1524
2220,1525
2222,1526
2223,1527
2226,1528
2227,1529
2229,1530
2230,1531
2232,1532
2234,1533
2236,1534
2237,1535
2239,1536
2242,1537
2243,1538
2246,1539
2249,1540
2254,1541
2255,1542
2257,1543
2258,1544
2259,1545
2260,1546
2261,1547
2265,1548
2266,1549
2270,1550
2273,1551
2277,1552
2278,1553
2280,1554
2281,1555
2283,1556
2284,1557
2285,1558
2286,1559
2287,1560
2288,1561
2290,1562
2291,1563
2292,1564
2294,1565
2295,1566
2296,1567
2298,1568
2300,1569
2302,1570
2305,1571
2307,1572
2308,1573
2310,1574
2311,1575
2313,1576
2315,1577
2316,1578
2318,1579
2320,1580
2321,1581
2322,1582
2323,1583
2324,1584
2326,1585
2327,1586
2328,1587
2329,1588
2330,1589
2331,1590
2332,1591
2333,1592
2334,1593
2335,1594
2337,1595
2338,1596
2341,1597
2349,1598
2350,1599
2355,1600
2356,1601
2358,1602
2360,1603
2361,1604
2362,1605
2363,1606
2364,1607
2365,1608
2369,1609
2374,1610
2376,1611
2378,1612
2379,1613
2381,1614
2382,1615
2383,1616
2384,1617
2386,1618
2387,1619
2388,1620
2390,1621
2393,1622
2394,1623
2395,1624
2396,1625
2397,1626
2399,1627
2400,1628
2403,1629
2404,1630
2406,1631
2407,1632
2409,1633
2410,1634
2413,1635
2417,1636
2418,1637
2419,1638
2421,1639
2422,1640
2425,1641
2427,1642
2430,1643
2431,1644
2432,1645
2433,1646
2435,1647
2436,1648
2441,1649
2443,1650
2444,1651
2445,1652
2446,1653
2447,1654
2448,1655
2452,1656
2454,1657
2457,1658
2458,1659
2459,1660
2460,1661
2461,1662
2462,1663
2464,1664
2465,1665
2466,1666
2467,1667
2469,1668
2470,1669
2472,1670
2473,1671
2475,1672
2476,1673
2477,1674
2478,1675
2479,1676
2480,1677
2482,1678
2483,1679
2485,1680
2486,1681
2487,1682
2488,1683
2489,1684
2491,1685
2492,1686
2493,1687
2494,1688
2495,1689
2496,1690
2497,1691
2500,1692
2503,1693
2504,1694
2514,1695
2516,1696
2517,1697
2519,1698
2520,1699
2522,1700
2526,1701
2528,1702
2529,1703
2530,1704
2531,1705
2532,1706
2535,1707
2536,1708
2537,1709
2538,1710
2539,1711
2540,1712
2541,1713
2543,1714
2544,1715
2545,1716
2547,1717
2548,1718
2550,1719
2551,1720
2552,1721
2553,1722
2554,1723
2555,1724
2558,1725
2560,1726
2561,1727
2562,1728
2563,1729
2570,1730
2571,1731
2574,1732
2575,1733
2576,1734
2578,1735
2580,1736
2581,1737
2582,1738
2583,1739
2584,1740
2585,1741
2586,1742
2587,1743
2589,1744
2591,1745
2593,1746
2595,1747
2596,1748
2598,1749
2600,1750
2601,1751
2602,1752
2603,1753
2605,1754
2606,1755
2607,1756
2608,1757
2609,1758
2611,1759
2613,1760
2614,1761
2615,1762
2616,1763
2618,1764
2619,1765
2620,1766
2621,1767
2622,1768
2624,1769
2627,1770
2628,1771
2629,1772
2630,1773
2631,1774
2632,1775
2637,1776
2639,1777
2641,1778
2642,1779
2643,1780
2644,1781
2645,1782
2646,1783
2647,1784
2649,1785
2651,1786
2652,1787
2653,1788
2654,1789
2655,1790
2656,1791
2657,1792
2658,1793
2659,1794
2660,1795
2661,1796
2662,1797
2663,1798
2667,1799
2668,1800
2669,1801
2671,1802
2672,1803
2673,1804
2674,1805
2675,1806
2676,1807
2677,1808
2678,1809
2680,1810
2682,1811
2684,1812
2685,1813
2686,1814
2687,1815
2688,1816
2689,1817
2690,1818
2691,1819
2693,1820
2695,1821
2696,1822
2698,1823
2699,1824
2701,1825
2704,1826
2705,1827
2706,1828
2710,1829
2711,1830
2713,1831
2715,1832
2716,1833
2717,1834
2719,1835
2720,1836
2721,1837
2722,1838
2724,1839
2727,1840
2731,1841
2736,1842
2738,1843
2741,1844
2743,1845
2744,1846
2745,1847
2746,1848
2750,1849
2751,1850
2755,1851
2756,1852
2757,1853
2758,1854
2759,1855
2760,1856
2761,1857
2764,1858
2765,1859
2767,1860
2771,1861
2772,1862
2773,1863
2774,1864
2778,1865
2780,1866
2782,1867
2785,1868
2786,1869
2787,1870
2788,1871
2789,1872
2791,1873
2793,1874
2794,1875
2795,1876
2796,1877
2797,1878
2799,1879
2800,1880
2801,1881
2803,1882
2805,1883
2806,1884
2807,1885
2809,1886
2810,1887
2811,1888
2812,1889
2814,1890
2816,1891
2817,1892
2820,1893
2821,1894
2822,1895
2823,1896
2826,1897
2827,1898
2828,1899
2829,1900
2831,1901
2834,1902
2837,1903
2839,1904
2842,1905
2843,1906
2844,1907
2846,1908
2847,1909
2850,1910
2851,1911
2852,1912
2853,1913
2856,1914
2857,1915
2858,1916
2860,1917
2861,1918
2862,1919
2866,1920
2868,1921
2869,1922
2870,1923
2871,1924
2873,1925
2874,1926
2878,1927
2879,1928
2880,1929
2882,1930
2884,1931
2886,1932
2888,1933
2889,1934
2890,1935
2891,1936
2894,1937
2895,1938
2896,1939
2897,1940
2898,1941
2899,1942
2900,1943
2901,1944
2902,1945
2903,1946
2905,1947
2906,1948
2907,1949
2908,1950
2911,1951
2914,1952
2915,1953
2918,1954
2920,1955
2921,1956
2923,1957
2924,1958
2927,1959
2928,1960
2930,1961
2931,1962
2933,1963
2935,1964
2936,1965
2938,1966
2941,1967
2942,1968
2944,1969
2945,1970
2946,1971
2947,1972
2948,1973
2951,1974
2952,1975
2954,1976
2960,1977
2962,1978
2963,1979
2965,1980
2966,1981
2967,1982
2969,1983
2972,1984
2973,1985
2974,1986
2975,1987
2978,1988
2979,1989
2980,1990
2981,1991
2984,1992
2985,1993
2986,1994
2989,1995
2990,1996
2991,1997
2994,1998
2997,1999
2998,2000
2999,2001
3001,2002
3002,2003
3003,2004
3005,2005
3006,2006
3007,2007
3009,2008
3013,2009
3015,2010
3018,2011
3022,2012
3023,2013
3024,2014
3025,2015
3026,2016
3027,2017
3029,2018
3031,2019
3032,2020
3033,2021
3034,2022
3042,2023
3045,2024
3046,2025
3047,2026
3048,2027
3049,2028
3053,2029
3054,2030
3055,2031
3058,2032
3060,2033
3064,2034
3066,2035
3067,2036
3068,2037
3070,2038
3071,2039
3072,2040
3073,2041
3074,2042
3075,2043
3076,2044
3078,2045
3081,2046
3084,2047
3085,2048
3088,2049
3089,2050
3091,2051
3092,2052
3093,2053
3095,2054
3101,2055
3103,2056
3108,2057
3110,2058
3112,2059
3113,2060
3114,2061
3116,2062
3117,2063
3122,2064
3127,2065
3129,2066
3130,2067
3132,2068
3134,2069
3135,2070
3136,2071
3137,2072
3140,2073
3144,2074
3145,2075
3146,2076
3150,2077
3153,2078
3155,2079
3156,2080
3157,2081
3159,2082
3161,2083
3163,2084
3164,2085
3165,2086
3168,2087
3169,2088
3170,2089
3171,2090
3173,2091
3174,2092
3175,2093
3176,2094
3177,2095
3178,2096
3180,2097
3181,2098
3182,2099
3184,2100
3186,2101
3187,2102
3192,2103
3195,2104
3196,2105
3197,2106
3199,2107
3203,2108
3210,2109
3214,2110
3215,2111
3217,2112
3218,2113
3219,2114
3223,2115
3224,2116
3225,2117
3226,2118
3227,2119
3230,2120
3232,2121
3233,2122
3237,2123
3238,2124
3241,2125
3242,2126
3243,2127
3245,2128
3246,2129
3248,2130
3250,2131
3251,2132
3252,2133
3253,2134
3256,2135
3257,2136
3258,2137
3259,2138
3260,2139
3262,2140
3263,2141
3270,2142
3271,2143
3272,2144
3274,2145
3275,2146
3276,2147
3277,2148
3279,2149
3280,2150
3287,2151
3288,2152
3293,2153
3294,2154
3296,2155
3297,2156
3300,2157
3302,2158
3307,2159
3308,2160
3311,2161
3314,2162
3315,2163
3321,2164
3323,2165
3324,2166
3325,2167
3326,2168
3329,2169
3330,2170
3331,2171
3332,2172
3333,2173
3334,2174
3335,2175
3336,2176
3337,2177
3338,2178
3341,2179
3342,2180
3343,2181
3347,2182
3349,2183
3350,2184
3353,2185
3354,2186
3356,2187
3358,2188
3359,2189
3361,2190
3362,2191
3363,2192
3364,2193
3366,2194
3367,2195
3368,2196
3371,2197
3373,2198
3374,2199
3375,2200
3377,2201
3379,2202
3381,2203
3382,2204
3383,2205
3384,2206
3385,2207
3386,2208
3387,2209
3389,2210
3390,2211
3392,2212
3394,2213
3395,2214
3396,2215
3400,2216
3402,2217
3403,2218
3404,2219
3406,2220
3407,2221
3409,2222
3410,2223
3412,2224
3413,2225
3414,2226
3416,2227
3419,2228
3420,2229
3423,2230
3426,2231
3428,2232
3429,2233
3430,2234
3431,2235
3433,2236
3434,2237
3435,2238
3436,2239
3439,2240
3440,2241
3442,2242
3443,2243
3444,2244
3445,2245
3446,2246
3447,2247
3448,2248
3449,2249
3452,2250
3456,2251
3458,2252
3460,2253
3465,2254
3467,2255
3468,2256
3469,2257
3471,2258
3474,2259
3476,2260
3477,2261
3478,2262
3479,2263
3480,2264
3483,2265
3485,2266
3490,2267
3491,2268
3492,2269
3493,2270
3494,2271
3497,2272
3498,2273
3499,2274
3503,2275
3504,2276
3507,2277
3508,2278
3510,2279
3511,2280
3513,2281
3517,2282
3518,2283
3522,2284
3523,2285
3524,2286
3529,2287
3530,2288
3532,2289
3534,2290
3537,2291
3538,2292
3539,2293
3545,2294
3546,2295
3547,2296
3549,2297
3555,2298
3556,2299
3557,2300
3558,2301
3559,2302
3560,2303
3561,2304
3563,2305
3564,2306
3566,2307
3569,2308
3571,2309
3573,2310
3574,2311
3575,2312
3576,2313
3577,2314
3578,2315
3581,2316
3582,2317
3585,2318
3590,2319
3591,2320
3592,2321
3595,2322
3596,2323
3598,2324
3601,2325
3602,2326
3603,2327
3605,2328
3607,2329
3609,2330
3617,2331
3618,2332
3619,2333
3620,2334
3623,2335
3624,2336
3626,2337
3629,2338
3631,2339
3632,2340
3635,2341
3636,2342
3639,2343
3646,2344
3648,2345
3649,2346
3650,2347
3651,2348
3652,2349
3653,2350
3654,2351
3655,2352
3656,2353
3657,2354
3658,2355
3659,2356
3662,2357
3664,2358
3665,2359
3669,2360
3670,2361
3672,2362
3673,2363
3674,2364
3675,2365
3678,2366
3679,2367
3681,2368
3684,2369
3685,2370
3687,2371
3689,2372
3696,2373
3697,2374
3698,2375
3700,2376
3701,2377
3702,2378
3703,2379
3706,2380
3711,2381
3712,2382
3713,2383
3714,2384
3716,2385
3718,2386
3719,2387
3720,2388
3723,2389
3724,2390
3725,2391
3726,2392
3727,2393
3729,2394
3731,2395
3732,2396
3733,2397
3735,2398
3737,2399
3739,2400
3744,2401
3745,2402
3746,2403
3748,2404
3750,2405
3751,2406
3755,2407
3756,2408
3757,2409
3759,2410
3760,2411
3762,2412
3763,2413
3764,2414
3765,2415
3767,2416
3769,2417
3770,2418
3772,2419
3778,2420
3784,2421
3785,2422
3788,2423
3790,2424
3792,2425
3794,2426
3795,2427
3796,2428
3800,2429
3801,2430
3808,2431
3809,2432
3810,2433
3811,2434
3812,2435
3820,2436
3823,2437
3824,2438
3828,2439
3829,2440
3833,2441
3836,2442
3837,2443
3838,2444
3839,2445
3841,2446
3842,2447
3844,2448
3845,2449
3846,2450
3848,2451
3849,2452
3850,2453
3851,2454
3854,2455
3856,2456
3859,2457
3860,2458
3862,2459
3863,2460
3866,2461
3867,2462
3868,2463
3869,2464
3873,2465
3875,2466
3877,2467
3878,2468
3880,2469
3881,2470
3882,2471
3884,2472
3885,2473
3893,2474
3894,2475
3895,2476
3896,2477
3898,2478
3903,2479
3905,2480
3907,2481
3908,2482
3909,2483
3910,2484
3912,2485
3913,2486
3917,2487
3920,2488
3924,2489
3926,2490
3927,2491
3928,2492
3929,2493
3930,2494
3931,2495
3932,2496
3933,2497
3934,2498
3940,2499
3944,2500
3945,2501
3946,2502
3947,2503
3950,2504
3952,2505
3956,2506
3957,2507
3958,2508
3959,2509
3960,2510
3961,2511
3964,2512
3965,2513
3966,2514
3970,2515
3971,2516
3973,2517
3975,2518
3976,2519
3977,2520
3978,2521
3980,2522
3982,2523
3983,2524
3985,2525
3986,2526
3988,2527
3989,2528
3990,2529
3992,2530
3993,2531
4003,2532
4006,2533
4007,2534
4009,2535
4011,2536
4012,2537
4014,2538
4015,2539
4016,2540
4017,2541
4018,2542
4019,2543
4024,2544
4028,2545
4029,2546
4034,2547
4038,2548
4043,2549
4045,2550
4049,2551
4051,2552
4054,2553
4055,2554
4056,2555
4057,2556
4060,2557
4062,2558
4063,2559
4066,2560
4068,2561
4072,2562
4074,2563
4075,2564
4077,2565
4079,2566
4080,2567
4082,2568
4083,2569
4084,2570
4085,2571
4088,2572
4089,2573
4093,2574
4095,2575
4096,2576
4097,2577
4101,2578
4103,2579
4104,2580
4107,2581
4109,2582
4113,2583
4119,2584
4120,2585
4121,2586
4124,2587
4126,2588
4127,2589
4130,2590
4135,2591
4136,2592
4137,2593
4141,2594
4144,2595
4146,2596
4148,2597
4149,2598
4150,2599
4151,2600
4152,2601
4154,2602
4155,2603
4157,2604
4158,2605
4160,2606
4161,2607
4162,2608
4163,2609
4166,2610
4167,2611
4169,2612
4170,2613
4173,2614
4174,2615
4177,2616
4178,2617
4179,2618
4180,2619
4183,2620
4184,2621
4185,2622
4188,2623
4189,2624
4191,2625
4193,2626
4194,2627
4198,2628
4199,2629
4200,2630
4203,2631
4205,2632
4207,2633
4208,2634
4209,2635
4210,2636
4212,2637
4215,2638
4217,2639
4219,2640
4220,2641
4222,2642
4226,2643
4228,2644
4231,2645
4232,2646
4235,2647
4236,2648
4237,2649
4244,2650
4245,2651
4250,2652
4251,2653
4253,2654
4255,2655
4256,2656
4257,2657
4262,2658
4264,2659
4267,2660
4269,2661
4272,2662
4274,2663
4276,2664
4278,2665
4280,2666
4283,2667
4284,2668
4285,2669
4286,2670
4290,2671
4291,2672
4292,2673
4294,2674
4295,2675
4296,2676
4297,2677
4298,2678
4304,2679
4307,2680
4308,2681
4313,2682
4314,2683
4315,2684
4319,2685
4321,2686
4323,2687
4326,2688
4327,2689
4328,2690
4331,2691
4332,2692
4333,2693
4334,2694
4336,2695
4338,2696
4339,2697
4342,2698
4349,2699
4357,2700
4358,2701
4359,2702
4363,2703
4367,2704
4368,2705
4369,2706
4370,2707
4371,2708
4376,2709
4378,2710
4379,2711
4382,2712
4384,2713
4385,2714
4389,2715
4390,2716
4391,2717
4392,2718
4396,2719
4399,2720
4400,2721
4402,2722
4404,2723
4405,2724
4406,2725
4408,2726
4409,2727
4411,2728
4412,2729
4414,2730
4415,2731
4418,2732
4419,2733
4420,2734
4423,2735
4425,2736
4429,2737
4431,2738
4432,2739
4434,2740
4435,2741
4436,2742
4439,2743
4442,2744
4444,2745
4445,2746
4451,2747
4452,2748
4453,2749
4454,2750
4455,2751
4457,2752
4458,2753
4459,2754
4462,2755
4463,2756
4472,2757
4474,2758
4477,2759
4479,2760
4485,2761
4486,2762
4488,2763
4490,2764
4491,2765
4497,2766
4498,2767
4500,2768
4504,2769
4508,2770
4509,2771
4512,2772
4513,2773
4516,2774
4517,2775
4518,2776
4519,2777
4521,2778
4525,2779
4526,2780
4527,2781
4528,2782
4529,2783
4531,2784
4532,2785
4537,2786
4538,2787
4539,2788
4544,2789
4545,2790
4546,2791
4547,2792
4548,2793
4549,2794
4551,2795
4553,2796
4554,2797
4555,2798
4560,2799
4563,2800
4573,2801
4574,2802
4575,2803
4578,2804
4579,2805
4580,2806
4586,2807
4587,2808
4589,2809
4590,2810
4591,2811
4592,2812
4593,2813
4600,2814
4601,2815
4603,2816
4605,2817
4611,2818
4612,2819
4614,2820
4616,2821
4618,2822
4619,2823
4622,2824
4624,2825
4628,2826
4629,2827
4630,2828
4631,2829
4632,2830
4633,2831
4634,2832
4636,2833
4637,2834
4640,2835
4641,2836
4651,2837
4652,2838
4654,2839
4655,2840
4658,2841
4659,2842
4660,2843
4661,2844
4663,2845
4665,2846
4669,2847
4670,2848
4676,2849
4677,2850
4683,2851
4684,2852
4687,2853
4690,2854
4691,2855
4692,2856
4694,2857
4697,2858
4698,2859
4704,2860
4707,2861
4710,2862
4711,2863
4713,2864
4714,2865
4715,2866
4716,2867
4717,2868
4723,2869
4725,2870
4727,2871
4741,2872
4742,2873
4743,2874
4744,2875
4747,2876
4749,2877
4753,2878
4755,2879
4758,2880
4761,2881
4762,2882
4763,2883
4765,2884
4767,2885
4768,2886
4775,2887
4777,2888
4785,2889
4786,2890
4791,2891
4792,2892
4798,2893
4799,2894
4803,2895
4804,2896
4808,2897
4809,2898
4811,2899
4812,2900
4816,2901
4818,2902
4819,2903
4820,2904
4821,2905
4822,2906
4827,2907
4829,2908
4830,2909
4833,2910
4834,2911
4835,2912
4836,2913
4840,2914
4841,2915
4845,2916
4846,2917
4848,2918
4849,2919
4850,2920
4852,2921
4854,2922
4857,2923
4861,2924
4862,2925
4864,2926
4866,2927
4867,2928
4869,2929
4870,2930
4871,2931
4873,2932
4876,2933
4878,2934
4880,2935
4883,2936
4884,2937
4889,2938
4890,2939
4893,2940
4897,2941
4898,2942
4899,2943
4900,2944
4907,2945
4911,2946
4914,2947
4915,2948
4916,2949
4917,2950
4918,2951
4921,2952
4926,2953
4928,2954
4933,2955
4934,2956
4938,2957
4940,2958
4942,2959
4943,2960
4944,2961
4946,2962
4947,2963
4948,2964
4950,2965
4951,2966
4954,2967
4956,2968
4957,2969
4958,2970
4960,2971
4962,2972
4969,2973
4970,2974
4972,2975
4976,2976
4980,2977
4981,2978
4985,2979
4987,2980
4988,2981
4989,2982
4991,2983
4992,2984
4993,2985
4995,2986
5000,2987
5001,2988
5003,2989
5004,2990
5005,2991
5006,2992
5008,2993
5011,2994
5013,2995
5014,2996
5019,2997
5020,2998
5022,2999
5026,3000
5030,3001
5032,3002
5037,3003
5038,3004
5041,3005
5043,3006
5046,3007
5047,3008
5050,3009
5051,3010
5056,3011
5059,3012
5063,3013
5064,3014
5065,3015
5066,3016
5068,3017
5072,3018
5074,3019
5075,3020
5076,3021
5080,3022
5081,3023
5082,3024
5083,3025
5086,3026
5087,3027
5088,3028
5089,3029
5092,3030
5098,3031
5099,3032
5102,3033
5103,3034
5104,3035
5106,3036
5108,3037
5111,3038
5113,3039
5115,3040
5119,3041
5120,3042
5132,3043
5133,3044
5135,3045
5136,3046
5138,3047
5140,3048
5142,3049
5151,3050
5153,3051
5154,3052
5155,3053
5160,3054
5164,3055
5167,3056
5168,3057
5172,3058
5174,3059
5176,3060
5177,3061
5178,3062
5183,3063
5184,3064
5185,3065
5186,3066
5190,3067
5192,3068
5193,3069
5195,3070
5197,3071
5201,3072
5202,3073
5204,3074
5206,3075
5207,3076
5210,3077
5212,3078
5213,3079
5215,3080
5216,3081
5217,3082
5226,3083
5227,3084
5229,3085
5230,3086
5236,3087
5237,3088
5238,3089
5240,3090
5245,3091
5246,3092
5251,3093
5258,3094
5259,3095
5266,3096
5267,3097
5269,3098
5271,3099
5274,3100
5282,3101
5285,3102
5287,3103
5293,3104
5297,3105
5301,3106
5302,3107
5303,3108
5306,3109
5307,3110
5313,3111
5314,3112
5315,3113
5316,3114
5321,3115
5323,3116
5325,3117
5327,3118
5328,3119
5329,3120
5331,3121
5336,3122
5338,3123
5339,3124
5342,3125
5343,3126
5344,3127
5353,3128
5355,3129
5356,3130
5360,3131
5362,3132
5363,3133
5364,3134
5366,3135
5369,3136
5380,3137
5381,3138
5382,3139
5383,3140
5384,3141
5387,3142
5389,3143
5390,3144
5397,3145
5399,3146
5400,3147
5402,3148
5403,3149
5405,3150
5407,3151
5408,3152
5409,3153
5414,3154
5419,3155
5423,3156
5424,3157
5428,3158
5431,3159
5433,3160
5437,3161
5438,3162
5440,3163
5441,3164
5444,3165
5447,3166
5452,3167
5456,3168
5457,3169
5460,3170
5464,3171
5467,3172
5470,3173
5471,3174
5472,3175
5473,3176
5474,3177
5480,3178
5482,3179
5484,3180
5496,3181
5500,3182
5502,3183
5503,3184
5505,3185
5507,3186
5510,3187
5512,3188
5513,3189
5515,3190
5516,3191
5518,3192
5519,3193
5522,3194
5528,3195
5529,3196
5535,3197
5544,3198
5545,3199
5547,3200
5548,3201
5553,3202
5554,3203
5555,3204
5559,3205
5561,3206
5563,3207
5564,3208
5570,3209
5571,3210
5576,3211
5579,3212
5580,3213
5583,3214
5590,3215
5591,3216
5609,3217
5613,3218
5614,3219
5620,3220
5622,3221
5625,3222
5629,3223
5631,3224
5633,3225
5634,3226
5639,3227
5641,3228
5644,3229
5645,3230
5648,3231
5650,3232
5654,3233
5655,3234
5659,3235
5660,3236
5664,3237
5665,3238
5666,3239
5671,3240
5672,3241
5674,3242
5679,3243
5682,3244
5683,3245
5685,3246
5687,3247
5689,3248
5691,3249
5693,3250
5694,3251
5695,3252
5697,3253
5700,3254
5701,3255
5702,3256
5703,3257
5704,3258
5705,3259
5707,3260
5708,3261
5712,3262
5716,3263
5717,3264
5718,3265
5720,3266
5724,3267
5727,3268
5728,3269
5731,3270
5733,3271
5734,3272
5736,3273
5746,3274
5748,3275
5751,3276
5752,3277
5753,3278
5755,3279
5756,3280
5757,3281
5759,3282
5763,3283
5764,3284
5765,3285
5768,3286
5771,3287
5772,3288
5773,3289
5774,3290
5776,3291
5777,3292
5783,3293
5787,3294
5788,3295
5790,3296
5791,3297
5792,3298
5796,3299
5797,3300
5798,3301
5799,3302
5800,3303
5804,3304
5805,3305
5810,3306
5816,3307
5818,3308
5819,3309
5822,3310
5828,3311
5829,3312
5831,3313
5835,3314
5838,3315
5839,3316
5840,3317
5841,3318
5842,3319
5843,3320
5844,3321
5847,3322
5849,3323
5854,3324
5857,3325
5859,3326
5861,3327
5862,3328
5863,3329
5865,3330
5866,3331
5868,3332
5869,3333
5871,3334
5873,3335
5875,3336
5882,3337
5883,3338
5885,3339
5886,3340
5887,3341
5888,3342
5889,3343
5897,3344
5900,3345
5906,3346
5913,3347
5914,3348
5915,3349
5916,3350
5920,3351
5923,3352
5924,3353
5926,3354
5927,3355
5930,3356
5935,3357
5938,3358
5939,3359
5940,3360
5941,3361
5945,3362
5953,3363
5954,3364
5957,3365
5958,3366
5969,3367
5971,3368
5974,3369
5979,3370
5983,3371
5985,3372
5987,3373
5988,3374
5990,3375
5991,3376
5996,3377
5997,3378
5999,3379
6002,3380
6007,3381
6008,3382
6009,3383
6012,3384
6013,3385
6015,3386
6020,3387
6021,3388
6025,3389
6027,3390
6032,3391
6037,3392
6038,3393
6042,3394
6044,3395
6045,3396
6048,3397
6051,3398
6052,3399
6053,3400
6054,3401
6056,3402
6058,3403
6059,3404
6060,3405
6061,3406
6067,3407
6072,3408
6073,3409
6075,3410
6076,3411
6080,3412
6084,3413
6087,3414
6094,3415
6096,3416
6097,3417
6098,3418
6102,3419
6108,3420
6109,3421
6110,3422
6113,3423
6114,3424
6120,3425
6122,3426
6123,3427
6126,3428
6127,3429
6128,3430
6131,3431
6138,3432
6143,3433
6148,3434
6155,3435
6158,3436
6160,3437
6161,3438
6162,3439
6164,3440
6166,3441
6167,3442
6173,3443
6175,3444
6176,3445
6179,3446
6184,3447
6196,3448
6199,3449
6200,3450
6203,3451
6206,3452
6210,3453
6211,3454
6212,3455
6213,3456
6216,3457
6234,3458
6235,3459
6238,3460
6242,3461
6244,3462
6245,3463
6247,3464
6252,3465
6257,3466
6260,3467
6261,3468
6263,3469
6264,3470
6265,3471
6266,3472
6270,3473
6276,3474
6278,3475
6285,3476
6288,3477
6300,3478
6302,3479
6310,3480
6311,3481
6313,3482
6314,3483
6315,3484
6316,3485
6317,3486
6318,3487
6320,3488
6323,3489
6330,3490
6331,3491
6333,3492
6339,3493
6343,3494
6344,3495
6346,3496
6351,3497
6352,3498
6355,3499
6357,3500
6361,3501
6362,3502
6365,3503
6366,3504
6371,3505
6372,3506
6376,3507
6377,3508
6379,3509
6382,3510
6384,3511
6386,3512
6387,3513
6388,3514
6394,3515
6395,3516
6396,3517
6403,3518
6412,3519
6413,3520
6414,3521
6416,3522
6418,3523
6421,3524
6422,3525
6425,3526
6432,3527
6436,3528
6440,3529
6442,3530
6446,3531
6447,3532
6448,3533
6449,3534
6458,3535
6459,3536
6460,3537
6463,3538
6466,3539
6467,3540
6470,3541
6474,3542
6477,3543
6478,3544
6482,3545
6487,3546
6490,3547
6491,3548
6495,3549
6496,3550
6501,3551
6502,3552
6507,3553
6508,3554
6510,3555
6514,3556
6517,3557
6520,3558
6521,3559
6527,3560
6532,3561
6539,3562
6541,3563
6543,3564
6546,3565
6550,3566
6552,3567
6561,3568
6562,3569
6567,3570
6570,3571
6574,3572
6579,3573
6580,3574
6589,3575
6592,3576
6604,3577
6606,3578
6610,3579
6614,3580
6615,3581
6618,3582
6620,3583
6621,3584
6622,3585
6624,3586
6627,3587
6629,3588
6630,3589
6633,3590
6638,3591
6648,3592
6650,3593
6658,3594
6660,3595
6662,3596
6666,3597
6671,3598
6672,3599
6678,3600
6680,3601
6682,3602
6684,3603
6687,3604
6691,3605
6692,3606
6695,3607
6696,3608
6697,3609
6698,3610
6699,3611
6700,3612
6701,3613
6704,3614
6706,3615
6708,3616
6710,3617
6713,3618
6714,3619
6717,3620
6720,3621
6725,3622
6731,3623
6732,3624
6736,3625
6738,3626
6742,3627
6743,3628
6752,3629
6755,3630
6756,3631
6757,3632
6764,3633
6769,3634
6772,3635
6773,3636
6779,3637
6783,3638
6788,3639
6800,3640
6802,3641
6803,3642
6805,3643
6806,3644
6807,3645
6813,3646
6814,3647
6816,3648
6825,3649
6828,3650
6829,3651
6831,3652
6832,3653
6834,3654
6838,3655
6840,3656
6841,3657
6845,3658
6848,3659
6850,3660
6854,3661
6858,3662
6861,3663
6862,3664
6864,3665
6867,3666
6868,3667
6870,3668
6877,3669
6879,3670
6891,3671
6902,3672
6905,3673
6908,3674
6911,3675
6914,3676
6915,3677
6916,3678
6924,3679
6927,3680
6928,3681
6929,3682
6930,3683
6933,3684
6934,3685
6935,3686
6936,3687
6938,3688
6940,3689
6941,3690
6942,3691
6943,3692
6949,3693
6952,3694
6954,3695
6955,3696
6956,3697
6957,3698
6959,3699
6961,3700
6962,3701
6965,3702
6971,3703
6982,3704
6986,3705
6987,3706
6988,3707
6989,3708
6990,3709
7014,3710
7015,3711
7016,3712
7022,3713
7023,3714
7024,3715
7025,3716
7029,3717
7030,3718
7033,3719
7038,3720
7039,3721
7040,3722
7042,3723
7044,3724
7046,3725
7051,3726
7060,3727
7061,3728
7062,3729
7070,3730
7075,3731
7079,3732
7080,3733
7081,3734
7090,3735
7093,3736
7094,3737
7096,3738
7098,3739
7102,3740
7106,3741
7107,3742
7112,3743
7113,3744
7117,3745
7120,3746
7122,3747
7124,3748
7125,3749
7128,3750
7131,3751
7134,3752
7137,3753
7140,3754
7143,3755
7145,3756
7148,3757
7150,3758
7153,3759
7154,3760
7155,3761
7157,3762
7159,3763
7161,3764
7162,3765
7164,3766
7169,3767
7170,3768
7179,3769
7180,3770
7181,3771
7185,3772
7188,3773
7189,3774
7191,3775
7194,3776
7199,3777
7200,3778
7201,3779
7202,3780
7204,3781
7224,3782
7231,3783
7234,3784
7238,3785
7239,3786
7247,3787
7257,3788
7264,3789
7265,3790
7269,3791
7271,3792
7272,3793
7274,3794
7278,3795
7279,3796
7287,3797
7289,3798
7295,3799
7304,3800
7305,3801
7308,3802
7310,3803
7314,3804
7316,3805
7319,3806
7322,3807
7324,3808
7325,3809
7327,3810
7335,3811
7337,3812
7338,3813
7339,3814
7343,3815
7348,3816
7349,3817
7355,3818
7356,3819
7357,3820
7359,3821
7368,3822
7373,3823
7379,3824
7380,3825
7384,3826
7387,3827
7390,3828
7394,3829
7396,3830
7398,3831
7400,3832
7402,3833
7404,3834
7410,3835
7412,3836
7413,3837
7415,3838
7416,3839
7417,3840
7425,3841
7426,3842
7432,3843
7433,3844
7436,3845
7437,3846
7438,3847
7440,3848
7441,3849
7444,3850
7445,3851
7449,3852
7451,3853
7452,3854
7455,3855
7457,3856
7464,3857
7465,3858
7467,3859
7470,3860
7471,3861
7475,3862
7481,3863
7486,3864
7488,3865
7489,3866
7491,3867
7492,3868
7493,3869
7496,3870
7499,3871
7504,3872
7506,3873
7508,3874
7509,3875
7517,3876
7525,3877
7532,3878
7535,3879
7536,3880
7552,3881
7556,3882
7559,3883
7560,3884
7561,3885
7564,3886
7566,3887
7567,3888
7576,3889
7578,3890
7580,3891
7583,3892
7588,3893
7589,3894
7592,3895
7596,3896
7598,3897
7599,3898
7600,3899
7604,3900
7606,3901
7607,3902
7608,3903
7613,3904
7614,3905
7616,3906
7621,3907
7623,3908
7626,3909
7631,3910
7633,3911
7642,3912
7644,3913
7647,3914
7648,3915
7650,3916
7657,3917
7665,3918
7668,3919
7669,3920
7671,3921
7677,3922
7678,3923
7680,3924
7682,3925
7697,3926
7700,3927
7701,3928
7702,3929
7703,3930
7719,3931
7722,3932
7725,3933
7729,3934
7737,3935
7742,3936
7750,3937
7755,3938
7765,3939
7768,3940
7769,3941
7770,3942
7772,3943
7776,3944
7779,3945
7780,3946
7784,3947
7788,3948
7796,3949
7797,3950
7799,3951
7800,3952
7804,3953
7805,3954
7808,3955
7814,3956
7817,3957
7820,3958
7823,3959
7825,3960
7826,3961
7828,3962
7832,3963
7839,3964
7842,3965
7843,3966
7852,3967
7853,3968
7855,3969
7856,3970
7860,3971
7862,3972
7867,3973
7869,3974
7870,3975
7877,3976
7882,3977
7883,3978
7884,3979
7885,3980
7893,3981
7902,3982
7906,3983
7908,3984
7912,3985
7913,3986
7917,3987
7919,3988
7928,3989
7931,3990
7933,3991
7934,3992
7941,3993
7945,3994
7948,3995
7951,3996
7953,3997
7957,3998
7962,3999
7968,4000
7969,4001
7971,4002
7972,4003
7973,4004
7980,4005
7982,4006
7984,4007
7991,4008
7994,4009
7996,4010
8003,4011
8005,4012
8010,4013
8013,4014
8018,4015
8025,4016
8029,4017
8032,4018
8036,4019
8046,4020
8052,4021
8055,4022
8059,4023
8061,4024
8066,4025
8072,4026
8073,4027
8075,4028
8076,4029
8082,4030
8092,4031
8097,4032
8099,4033
8101,4034
8102,4035
8107,4036
8113,4037
8114,4038
8124,4039
8126,4040
8133,4041
8141,4042
8144,4043
8146,4044
8152,4045
8155,4046
8159,4047
8165,4048
8170,4049
8171,4050
8172,4051
8173,4052
8181,4053
8182,4054
8185,4055
8190,4056
8194,4057
8195,4058
8206,4059
8207,4060
8210,4061
8215,4062
8228,4063
8232,4064
8234,4065
8238,4066
8245,4067
8246,4068
8252,4069
8254,4070
8257,4071
8262,4072
8264,4073
8268,4074
8270,4075
8272,4076
8277,4077
8286,4078
8290,4079
8292,4080
8294,4081
8295,4082
8301,4083
8306,4084
8307,4085
8313,4086
8321,4087
8325,4088
8329,4089
8332,4090
8335,4091
8340,4092
8342,4093
8345,4094
8347,4095
8348,4096
8352,4097
8356,4098
8357,4099
8360,4100
8369,4101
8371,4102
8372,4103
8373,4104
8375,4105
8381,4106
8390,4107
8393,4108
8397,4109
8398,4110
8402,4111
8405,4112
8407,4113
8409,4114
8410,4115
8411,4116
8414,4117
8417,4118
8419,4119
8420,4120
8422,4121
8428,4122
8429,4123
8430,4124
8433,4125
8437,4126
8443,4127
8444,4128
8445,4129
8447,4130
8451,4131
8454,4132
8455,4133
8458,4134
8459,4135
8461,4136
8462,4137
8464,4138
8465,4139
8477,4140
8481,4141
8499,4142
8504,4143
8505,4144
8509,4145
8515,4146
8516,4147
8519,4148
8523,4149
8531,4150
8534,4151
8544,4152
8545,4153
8548,4154
8559,4155
8561,4156
8562,4157
8568,4158
8570,4159
8572,4160
8575,4161
8576,4162
8577,4163
8579,4164
8583,4165
8587,4166
8588,4167
8592,4168
8601,4169
8610,4170
8611,4171
8612,4172
8616,4173
8618,4174
8619,4175
8624,4176
8628,4177
8632,4178
8640,4179
8649,4180
8654,4181
8655,4182
8657,4183
8662,4184
8664,4185
8668,4186
8670,4187
8671,4188
8673,4189
8674,4190
8679,4191
8680,4192
8681,4193
8689,4194
8690,4195
8693,4196
8696,4197
8698,4198
8703,4199
8706,4200
8715,4201
8731,4202
8735,4203
8737,4204
8738,4205
8742,4206
8743,4207
8745,4208
8746,4209
8748,4210
8754,4211
8756,4212
8758,4213
8759,4214
8768,4215
8769,4216
8777,4217
8783,4218
8790,4219
8800,4220
8801,4221
8810,4222
8811,4223
8813,4224
8818,4225
8824,4226
8827,4227
8829,4228
8830,4229
8833,4230
8839,4231
8843,4232
8847,4233
8849,4234
8850,4235
8851,4236
8863,4237
8864,4238
8866,4239
8876,4240
8878,4241
8880,4242
8884,4243
8885,4244
8891,4245
8893,4246
8895,4247
8904,4248
8907,4249
8910,4250
8913,4251
8915,4252
8917,4253
8918,4254
8919,4255
8920,4256
8923,4257
8926,4258
8927,4259
8929,4260
8930,4261
8936,4262
8939,4263
8940,4264
8941,4265
8946,4266
8955,4267
8956,4268
8957,4269
8958,4270
8963,4271
8965,4272
8966,4273
8967,4274
8968,4275
8978,4276
8981,4277
8984,4278
8985,4279
8986,4280
8989,4281
8994,4282
8998,4283
9000,4284
9002,4285
9005,4286
9009,4287
9010,4288
9015,4289
9023,4290
9025,4291
9029,4292
9032,4293
9040,4294
9042,4295
9044,4296
9045,4297
9046,4298
9047,4299
9049,4300
9056,4301
9057,4302
9058,4303
9059,4304
9066,4305
9068,4306
9072,4307
9073,4308
9076,4309
9077,4310
9080,4311
9082,4312
9083,4313
9090,4314
9092,4315
9093,4316
9097,4317
9098,4318
9103,4319
9104,4320
9112,4321
9113,4322
9114,4323
9118,4324
9121,4325
9122,4326
9125,4327
9128,4328
9137,4329
9138,4330
9157,4331
9161,4332
9163,4333
9164,4334
9174,4335
9175,4336
9178,4337
9181,4338
9188,4339
9196,4340
9197,4341
9210,4342
9212,4343
9213,4344
9221,4345
9225,4346
9226,4347
9239,4348
9240,4349
9243,4350
9247,4351
9249,4352
9256,4353
9258,4354
9263,4355
9265,4356
9268,4357
9280,4358
9285,4359
9286,4360
9287,4361
9288,4362
9289,4363
9294,4364
9295,4365
9296,4366
9297,4367
9306,4368
9314,4369
9315,4370
9318,4371
9327,4372
9332,4373
9345,4374
9349,4375
9351,4376
9354,4377
9356,4378
9361,4379
9362,4380
9365,4381
9368,4382
9369,4383
9370,4384
9372,4385
9373,4386
9380,4387
9386,4388
9388,4389
9390,4390
9391,4391
9394,4392
9396,4393
9398,4394
9401,4395
9402,4396
9404,4397
9423,4398
9424,4399
9429,4400
9439,4401
9450,4402
9458,4403
9466,4404
9467,4405
9475,4406
9478,4407
9479,4408
9480,4409
9483,4410
9487,4411
9490,4412
9491,4413
9503,4414
9506,4415
9517,4416
9535,4417
9536,4418
9538,4419
9542,4420
9551,4421
9552,4422
9555,4423
9561,4424
9562,4425
9572,4426
9583,4427
9586,4428
9587,4429
9599,4430
9602,4431
9610,4432
9626,4433
9628,4434
9630,4435
9643,4436
9644,4437
9650,4438
9651,4439
9658,4440
9659,4441
9661,4442
9664,4443
9665,4444
9674,4445
9677,4446
9679,4447
9680,4448
9682,4449
9685,4450
9688,4451
9696,4452
9699,4453
9705,4454
9706,4455
9707,4456
9708,4457
9717,4458
9719,4459
9720,4460
9721,4461
9722,4462
9724,4463
9726,4464
9727,4465
9728,4466
9734,4467
9735,4468
9736,4469
9737,4470
9742,4471
9746,4472
9765,4473
9767,4474
9776,4475
9779,4476
9781,4477
9785,4478
9787,4479
9788,4480
9790,4481
9793,4482
9798,4483
9800,4484
9804,4485
9805,4486
9811,4487
9813,4488
9817,4489
9841,4490
9849,4491
9855,4492
9856,4493
9863,4494
9881,4495
9888,4496
9894,4497
9899,4498
9904,4499
9906,4500
9909,4501
9913,4502
9915,4503
9920,4504
9928,4505
9929,4506
9932,4507
9940,4508
9942,4509
9946,4510
9950,4511
9969,4512
9973,4513
9974,4514
9992,4515
10011,4516
10012,4517
10013,4518
10019,4519
10021,4520
10027,4521
10039,4522
10040,4523
10041,4524
10053,4525
10054,4526
10059,4527
10062,4528
10063,4529
10068,4530
10072,4531
10073,4532
10075,4533
10080,4534
10088,4535
10089,4536
10097,4537
10106,4538
10113,4539
10117,4540
10126,4541
10127,4542
10131,4543
10140,4544
10146,4545
10149,4546
10152,4547
10154,4548
10155,4549
10170,4550
10172,4551
10182,4552
10183,4553
10186,4554
10196,4555
10197,4556
10198,4557
10200,4558
10207,4559
10225,4560
10227,4561
10228,4562
10234,4563
10238,4564
10240,4565
10242,4566
10243,4567
10253,4568
10259,4569
10262,4570
10263,4571
10270,4572
10273,4573
10275,4574
10280,4575
10282,4576
10294,4577
10303,4578
10306,4579
10312,4580
10318,4581
10320,4582
10324,4583
10326,4584
10331,4585
10333,4586
10334,4587
10335,4588
10338,4589
10340,4590
10347,4591
10348,4592
10354,4593
10357,4594
10358,4595
10364,4596
10365,4597
10373,4598
10377,4599
10381,4600
10382,4601
10386,4602
10398,4603
10400,4604
10401,4605
10402,4606
10403,4607
10405,4608
10406,4609
10410,4610
10420,4611
10422,4612
10423,4613
10425,4614
10426,4615
10427,4616
10428,4617
10439,4618
10443,4619
10450,4620
10458,4621
10462,4622
10465,4623
10468,4624
10478,4625
10481,4626
10486,4627
10492,4628
10494,4629
10501,4630
10503,4631
10506,4632
10516,4633
10522,4634
10530,4635
10537,4636
10547,4637
10559,4638
10561,4639
10570,4640
10571,4641
10572,4642
10574,4643
10583,4644
10595,4645
10596,4646
10597,4647
10607,4648
10615,4649
10616,4650
10617,4651
10619,4652
10620,4653
10622,4654
10626,4655
10632,4656
10638,4657
10644,4658
10647,4659
10655,4660
10656,4661
10661,4662
10677,4663
10680,4664
10682,4665
10684,4666
10685,4667
10694,4668
10695,4669
10701,4670
10704,4671
10707,4672
10708,4673
10716,4674
10717,4675
10718,4676
10719,4677
10728,4678
10732,4679
10737,4680
10738,4681
10742,4682
10758,4683
10761,4684
10762,4685
10767,4686
10774,4687
10777,4688
10796,4689
10797,4690
10800,4691
10801,4692
10803,4693
10805,4694
10815,4695
10826,4696
10828,4697
10831,4698
10833,4699
10834,4700
10835,4701
10837,4702
10843,4703
10845,4704
10850,4705
10852,4706
10858,4707
10867,4708
10870,4709
10871,4710
10872,4711
10876,4712
10880,4713
10892,4714
10905,4715
10908,4716
10910,4717
10919,4718
10926,4719
10935,4720
10941,4721
10944,4722
10948,4723
10953,4724
10961,4725
10964,4726
10968,4727
10972,4728
10983,4729
11008,4730
11010,4731
11013,4732
11017,4733
11030,4734
11031,4735
11046,4736
11049,4737
11050,4738
11052,4739
11057,4740
11063,4741
11078,4742
11080,4743
11087,4744
11092,4745
11093,4746
11097,4747
11099,4748
11101,4749
11104,4750
11109,4751
11110,4752
11114,4753
11115,4754
11117,4755
11122,4756
11131,4757
11135,4758
11136,4759
11154,4760
11156,4761
11158,4762
11159,4763
11160,4764
11161,4765
11162,4766
11165,4767
11172,4768
11173,4769
11176,4770
11181,4771
11192,4772
11195,4773
11196,4774
11197,4775
11200,4776
11204,4777
11209,4778
11215,4779
11222,4780
11224,4781
11226,4782
11233,4783
11234,4784
11245,4785
11251,4786
11260,4787
11262,4788
11269,4789
11270,4790
11274,4791
11278,4792
11287,4793
11291,4794
11292,4795
11296,4796
11299,4797
11326,4798
11327,4799
11329,4800
11337,4801
11338,4802
11341,4803
11350,4804
11351,4805
11371,4806
11372,4807
11377,4808
11379,4809
11381,4810
11382,4811
11388,4812
11390,4813
11392,4814
11405,4815
11411,4816
11413,4817
11415,4818
11432,4819
11433,4820
11437,4821
11438,4822
11447,4823
11452,4824
11454,4825
11455,4826
11459,4827
11460,4828
11467,4829
11475,4830
11491,4831
11492,4832
11494,4833
11497,4834
11503,4835
11511,4836
11522,4837
11525,4838
11531,4839
11534,4840
11539,4841
11541,4842
11542,4843
11548,4844
11550,4845
11562,4846
11563,4847
11566,4848
11567,4849
11568,4850
11582,4851
11586,4852
11594,4853
11596,4854
11597,4855
11599,4856
11604,4857
11605,4858
11610,4859
11618,4860
11626,4861
11635,4862
11636,4863
11639,4864
11641,4865
11644,4866
11652,4867
11654,4868
11658,4869
11664,4870
11669,4871
11670,4872
11680,4873
11682,4874
11684,4875
11686,4876
11695,4877
11701,4878
11705,4879
11710,4880
11713,4881
11716,4882
11721,4883
11732,4884
11736,4885
11747,4886
11748,4887
11755,4888
11767,4889
11769,4890
11771,4891
11772,4892
11782,4893
11787,4894
11795,4895
11796,4896
11803,4897
11805,4898
11806,4899
11807,4900
11818,4901
11820,4902
11826,4903
11836,4904
11837,4905
11844,4906
11846,4907
11853,4908
11854,4909
11855,4910
11876,4911
11882,4912
11885,4913
11892,4914
11894,4915
11900,4916
11901,4917
11907,4918
11908,4919
11912,4920
11918,4921
11921,4922
11923,4923
11925,4924
11939,4925
11944,4926
11954,4927
11957,4928
11958,4929
11976,4930
11978,4931
11985,4932
11991,4933
11993,4934
11997,4935
12020,4936
12031,4937
12033,4938
12036,4939
12042,4940
12052,4941
12054,4942
12060,4943
12075,4944
12085,4945
12087,4946
12089,4947
12095,4948
12096,4949
12103,4950
12104,4951
12105,4952
12111,4953
12120,4954
12123,4955
12124,4956
12125,4957
12128,4958
12139,4959
12149,4960
12153,4961
12156,4962
12159,4963
12166,4964
12167,4965
12168,4966
12171,4967
12182,4968
12183,4969
12185,4970
12192,4971
12197,4972
12201,4973
12203,4974
12207,4975
12210,4976
12215,4977
12220,4978
12223,4979
12226,4980
12228,4981
12231,4982
12234,4983
12236,4984
12240,4985
12243,4986
12249,4987
12252,4988
12254,4989
12255,4990
12256,4991
12257,4992
12259,4993
12274,4994
12275,4995
12288,4996
12289,4997
12293,4998
12309,4999
12321,5000
12326,5001
12330,5002
12337,5003
12339,5004
12340,5005
12349,5006
12352,5007
12354,5008
12371,5009
12373,5010
12374,5011
12376,5012
12396,5013
12398,5014
12401,5015
12403,5016
12407,5017
12411,5018
12412,5019
12432,5020
12433,5021
12435,5022
12436,5023
12437,5024
12444,5025
12446,5026
12454,5027
12458,5028
12465,5029
12471,5030
12478,5031
12494,5032
12497,5033
12499,5034
12502,5035
12505,5036
12507,5037
12510,5038
12521,5039
12523,5040
12527,5041
12542,5042
12543,5043
12548,5044
12554,5045
12558,5046
12570,5047
12575,5048
12578,5049
12585,5050
12593,5051
12596,5052
12602,5053
12605,5054
12608,5055
12609,5056
12617,5057
12619,5058
12628,5059
12631,5060
12637,5061
12638,5062
12645,5063
12647,5064
12654,5065
12681,5066
12683,5067
12685,5068
12686,5069
12696,5070
12705,5071
12706,5072
12707,5073
12719,5074
12723,5075
12724,5076
12738,5077
12739,5078
12747,5079
12749,5080
12753,5081
12755,5082
12759,5083
12760,5084
12762,5085
12770,5086
12775,5087
12783,5088
12784,5089
12796,5090
12798,5091
12803,5092
12804,5093
12808,5094
12813,5095
12817,5096
12825,5097
12828,5098
12840,5099
12850,5100
12859,5101
12860,5102
12864,5103
12869,5104
12870,5105
12872,5106
12874,5107
12881,5108
12887,5109
12890,5110
12911,5111
12916,5112
12921,5113
12935,5114
12936,5115
12939,5116
12945,5117
12961,5118
12963,5119
12964,5120
12973,5121
12974,5122
12975,5123
12983,5124
12987,5125
12988,5126
12995,5127
12996,5128
12997,5129
12998,5130
12999,5131
13006,5132
13007,5133
13015,5134
13016,5135
13027,5136
13045,5137
13051,5138
13054,5139
13062,5140
13068,5141
13072,5142
13076,5143
13091,5144
13102,5145
13109,5146
13110,5147
13119,5148
13127,5149
13130,5150
13134,5151
13139,5152
13142,5153
13145,5154
13157,5155
13160,5156
13161,5157
13163,5158
13168,5159
13170,5160
13175,5161
13182,5162
13184,5163
13186,5164
13194,5165
13196,5166
13202,5167
13207,5168
13212,5169
13215,5170
13222,5171
13227,5172
13232,5173
13243,5174
13245,5175
13250,5176
13259,5177
13272,5178
13275,5179
13276,5180
13279,5181
13290,5182
13304,5183
13311,5184
13318,5185
13327,5186
13331,5187
13333,5188
13338,5189
13340,5190
13351,5191
13354,5192
13358,5193
13364,5194
13371,5195
13378,5196
13383,5197
13384,5198
13388,5199
13391,5200
13399,5201
13400,5202
13401,5203
13402,5204
13408,5205
13412,5206
13415,5207
13418,5208
13423,5209
13425,5210
13433,5211
13438,5212
13446,5213
13447,5214
13455,5215
13464,5216
13465,5217
13468,5218
13482,5219
13488,5220
13496,5221
13514,5222
13521,5223
13538,5224
13539,5225
13556,5226
13561,5227
13584,5228
13590,5229
13597,5230
13599,5231
13606,5232
13610,5233
13623,5234
13637,5235
13647,5236
13649,5237
13652,5238
13672,5239
13674,5240
13680,5241
13684,5242
13687,5243
13696,5244
13698,5245
13713,5246
13720,5247
13725,5248
13726,5249
13728,5250
13729,5251
13738,5252
13744,5253
13748,5254
13752,5255
13753,5256
13770,5257
13775,5258
13783,5259
13796,5260
13799,5261
13801,5262
13804,5263
13808,5264
13812,5265
13817,5266
13818,5267
13821,5268
13829,5269
13833,5270
13836,5271
13841,5272
13854,5273
13859,5274
13862,5275
13870,5276
13885,5277
13891,5278
13900,5279
13903,5280
13915,5281
13916,5282
13920,5283
13933,5284
13937,5285
13942,5286
13946,5287
13948,5288
13950,5289
13953,5290
13956,5291
13987,5292
13992,5293
13997,5294
14016,5295
14032,5296
14039,5297
14042,5298
14055,5299
14060,5300
14065,5301
14068,5302
14074,5303
14078,5304
14079,5305
14089,5306
14096,5307
14104,5308
14110,5309
14111,5310
14122,5311
14136,5312
14137,5313
14143,5314
14151,5315
14152,5316
14155,5317
14160,5318
14164,5319
14170,5320
14171,5321
14172,5322
14197,5323
14200,5324
14202,5325
14203,5326
14204,5327
14205,5328
14211,5329
14213,5330
14217,5331
14228,5332
14233,5333
14234,5334
14238,5335
14240,5336
14245,5337
14247,5338
14263,5339
14267,5340
14275,5341
14277,5342
14278,5343
14282,5344
14283,5345
14289,5346
14293,5347
14294,5348
14305,5349
14308,5350
14312,5351
14314,5352
14323,5353
14324,5354
14327,5355
14329,5356
14336,5357
14347,5358
14356,5359
14357,5360
14360,5361
14362,5362
14363,5363
14377,5364
14379,5365
14388,5366
14396,5367
14398,5368
14400,5369
14404,5370
14405,5371
14406,5372
14409,5373
14413,5374
14416,5375
14429,5376
14431,5377
14436,5378
14437,5379
14438,5380
14439,5381
14459,5382
14460,5383
14465,5384
14477,5385
14490,5386
14491,5387
14495,5388
14499,5389
14502,5390
14520,5391
14542,5392
14554,5393
14562,5394
14568,5395
14583,5396
14590,5397
14594,5398
14595,5399
14606,5400
14611,5401
14612,5402
14613,5403
14618,5404
14635,5405
14638,5406
14643,5407
14645,5408
14646,5409
14653,5410
14660,5411
14663,5412
14671,5413
14672,5414
14701,5415
14704,5416
14711,5417
14712,5418
14713,5419
14714,5420
14718,5421
14723,5422
14728,5423
14737,5424
14741,5425
14748,5426
14778,5427
14779,5428
14785,5429
14787,5430
14796,5431
14798,5432
14801,5433
14815,5434
14816,5435
14821,5436
14822,5437
14833,5438
14834,5439
14844,5440
14859,5441
14867,5442
14879,5443
14884,5444
14888,5445
14901,5446
14902,5447
14903,5448
14906,5449
14907,5450
14910,5451
14914,5452
14919,5453
14928,5454
14935,5455
14937,5456
14950,5457
14952,5458
14955,5459
14959,5460
14962,5461
14965,5462
14970,5463
14975,5464
14986,5465
14987,5466
14994,5467
15006,5468
15011,5469
15018,5470
15023,5471
15034,5472
15055,5473
15056,5474
15058,5475
15060,5476
15070,5477
15080,5478
15084,5479
15086,5480
15091,5481
15092,5482
15106,5483
15111,5484
15113,5485
15123,5486
15124,5487
15128,5488
15129,5489
15141,5490
15146,5491
15150,5492
15153,5493
15154,5494
15155,5495
15157,5496
15162,5497
15163,5498
15177,5499
15188,5500
15192,5501
15195,5502
15205,5503
15206,5504
15212,5505
15215,5506
15219,5507
15223,5508
15225,5509
15236,5510
15240,5511
15242,5512
15247,5513
15248,5514
15252,5515
15255,5516
15262,5517
15267,5518
15279,5519
15282,5520
15283,5521
15286,5522
15302,5523
15305,5524
15311,5525
15317,5526
15327,5527
15329,5528
15335,5529
15340,5530
15347,5531
15349,5532
15350,5533
15351,5534
15360,5535
15361,5536
15367,5537
15382,5538
15388,5539
15398,5540
15399,5541
15403,5542
15427,5543
15432,5544
15438,5545
15441,5546
15443,5547
15459,5548
15469,5549
15474,5550
15487,5551
15490,5552
15493,5553
15499,5554
15504,5555
15507,5556
15525,5557
15527,5558
15529,5559
15534,5560
15537,5561
15538,5562
15551,5563
15560,5564
15564,5565
15574,5566
15576,5567
15578,5568
15587,5569
15597,5570
15598,5571
15603,5572
15611,5573
15617,5574
15622,5575
15626,5576
15631,5577
15636,5578
15654,5579
15676,5580
15678,5581
15683,5582
15693,5583
15699,5584
15706,5585
15707,5586
15713,5587
15714,5588
15723,5589
15745,5590
15748,5591
15775,5592
15786,5593
15794,5594
15797,5595
15804,5596
15811,5597
15823,5598
15824,5599
15833,5600
15845,5601
15846,5602
15848,5603
15851,5604
15857,5605
15858,5606
15877,5607
15886,5608
15892,5609
15904,5610
15913,5611
15917,5612
15922,5613
15944,5614
15947,5615
15958,5616
15973,5617
15978,5618
15988,5619
15994,5620
16007,5621
16015,5622
16030,5623
16033,5624
16042,5625
16045,5626
16049,5627
16051,5628
16054,5629
16056,5630
16066,5631
16080,5632
16081,5633
16091,5634
16097,5635
16100,5636
16109,5637
16110,5638
16118,5639
16137,5640
16150,5641
16156,5642
16164,5643
16181,5644
16196,5645
16203,5646
16205,5647
16212,5648
16213,5649
16217,5650
16222,5651
16223,5652
16228,5653
16233,5654
16237,5655
16238,5656
16249,5657
16261,5658
16268,5659
16277,5660
16305,5661
16308,5662
16310,5663
16313,5664
16328,5665
16334,5666
16338,5667
16354,5668
16357,5669
16360,5670
16379,5671
16386,5672
16396,5673
16397,5674
16401,5675
16415,5676
16436,5677
16438,5678
16443,5679
16461,5680
16467,5681
16469,5682
16471,5683
16473,5684
16493,5685
16495,5686
16512,5687
16527,5688
16528,5689
16544,5690
16549,5691
16569,5692
16609,5693
16616,5694
16620,5695
16624,5696
16658,5697
16660,5698
16662,5699
16667,5700
16675,5701
16687,5702
16696,5703
16704,5704
16710,5705
16719,5706
16729,5707
16732,5708
16734,5709
16743,5710
16755,5711
16764,5712
16767,5713
16773,5714
16776,5715
16785,5716
16796,5717
16803,5718
16814,5719
16821,5720
16822,5721
16825,5722
16827,5723
16845,5724
16852,5725
16853,5726
16865,5727
16868,5728
16878,5729
16882,5730
16899,5731
16901,5732
16916,5733
16919,5734
16934,5735
16945,5736
16947,5737
16954,5738
16964,5739
16974,5740
16978,5741
16998,5742
17008,5743
17030,5744
17038,5745
17045,5746
17054,5747
17062,5748
17067,5749
17070,5750
17075,5751
17087,5752
17091,5753
17111,5754
17117,5755
17118,5756
17122,5757
17129,5758
17140,5759
17150,5760
17157,5761
17176,5762
17179,5763
17187,5764
17194,5765
17207,5766
17209,5767
17210,5768
17213,5769
17234,5770
17235,5771
17249,5772
17254,5773
17263,5774
17271,5775
17283,5776
17285,5777
17286,5778
17296,5779
17301,5780
17324,5781
17349,5782
17351,5783
17353,5784
17366,5785
17371,5786
17374,5787
17377,5788
17381,5789
17382,5790
17385,5791
17389,5792
17400,5793
17406,5794
17408,5795
17410,5796
17413,5797
17416,5798
17421,5799
17440,5800
17448,5801
17451,5802
17458,5803
17459,5804
17460,5805
17465,5806
17471,5807
17473,5808
17483,5809
17507,5810
17519,5811
17520,5812
17524,5813
17547,5814
17553,5815
17565,5816
17576,5817
17581,5818
17595,5819
17603,5820
17605,5821
17607,5822
17612,5823
17621,5824
17627,5825
17631,5826
17640,5827
17644,5828
17655,5829
17663,5830
17664,5831
17667,5832
17680,5833
17685,5834
17700,5835
17703,5836
17727,5837
17730,5838
17732,5839
17735,5840
17740,5841
17741,5842
17742,5843
17755,5844
17783,5845
17785,5846
17790,5847
17797,5848
17804,5849
17826,5850
17840,5851
17850,5852
17858,5853
17873,5854
17884,5855
17893,5856
17907,5857
17919,5858
17929,5859
17951,5860
17953,5861
17954,5862
17961,5863
17965,5864
17966,5865
17985,5866
17988,5867
17993,5868
18016,5869
18030,5870
18047,5871
18049,5872
18054,5873
18067,5874
18069,5875
18087,5876
18093,5877
18097,5878
18126,5879
18131,5880
18134,5881
18141,5882
18145,5883
18147,5884
18155,5885
18161,5886
18165,5887
18171,5888
18178,5889
18193,5890
18196,5891
18198,5892
18204,5893
18205,5894
18217,5895
18224,5896
18237,5897
18238,5898
18244,5899
18252,5900
18261,5901
18298,5902
18300,5903
18306,5904
18321,5905
18327,5906
18332,5907
18339,5908
18341,5909
18344,5910
18346,5911
18354,5912
18363,5913
18367,5914
18368,5915
18370,5916
18396,5917
18408,5918
18417,5919
18438,5920
18440,5921
18457,5922
18500,5923
18520,5924
18537,5925
18541,5926
18546,5927
18560,5928
18578,5929
18591,5930
18593,5931
18622,5932
18642,5933
18663,5934
18667,5935
18668,5936
18669,5937
18688,5938
18698,5939
18701,5940
18716,5941
18719,5942
18724,5943
18731,5944
18732,5945
18735,5946
18746,5947
18757,5948
18758,5949
18763,5950
18768,5951
18771,5952
18794,5953
18819,5954
18820,5955
18833,5956
18840,5957
18841,5958
18862,5959
18868,5960
18869,5961
18875,5962
18885,5963
18889,5964
18896,5965
18943,5966
18945,5967
18950,5968
18956,5969
18959,5970
18967,5971
18968,5972
18970,5973
18978,5974
18981,5975
18990,5976
18991,5977
19001,5978
19020,5979
19034,5980
19035,5981
19037,5982
19043,5983
19046,5984
19049,5985
19053,5986
19063,5987
19075,5988
19077,5989
19078,5990
19086,5991
19088,5992
19090,5993
19095,5994
19096,5995
19115,5996
19121,5997
19134,5998
19139,5999
19143,6000
19146,6001
19150,6002
19167,6003
19172,6004
19178,6005
19192,6006
19195,6007
19199,6008
19201,6009
19207,6010
19210,6011
19212,6012
19227,6013
19234,6014
19235,6015
19245,6016
19252,6017
19283,6018
19285,6019
19289,6020
19291,6021
19292,6022
19298,6023
19302,6024
19308,6025
19315,6026
19358,6027
19383,6028
19392,6029
19405,6030
19408,6031
19418,6032
19420,6033
19428,6034
19430,6035
19438,6036
19454,6037
19479,6038
19483,6039
19490,6040
19492,6041
19494,6042
19514,6043
19519,6044
19522,6045
19531,6046
19534,6047
19568,6048
19572,6049
19574,6050
19575,6051
19576,6052
19584,6053
19591,6054
19603,6055
19615,6056
19620,6057
19622,6058
19627,6059
19629,6060
19641,6061
19645,6062
19654,6063
19667,6064
19672,6065
19700,6066
19710,6067
19711,6068
19727,6069
19731,6070
19737,6071
19786,6072
19803,6073
19805,6074
19809,6075
19812,6076
19816,6077
19835,6078
19838,6079
19842,6080
19852,6081
19854,6082
19855,6083
19858,6084
19861,6085
19867,6086
19884,6087
19900,6088
19908,6089
19941,6090
19951,6091
19952,6092
19980,6093
19988,6094
20005,6095
20012,6096
20015,6097
20024,6098
20029,6099
20043,6100
20047,6101
20055,6102
20072,6103
20080,6104
20082,6105
20113,6106
20120,6107
20128,6108
20130,6109
20144,6110
20160,6111
20170,6112
20186,6113
20195,6114
20200,6115
20201,6116
20210,6117
20216,6118
20223,6119
20238,6120
20252,6121
20253,6122
20262,6123
20265,6124
20267,6125
20271,6126
20282,6127
20298,6128
20305,6129
20307,6130
20309,6131
20313,6132
20315,6133
20322,6134
20323,6135
20339,6136
20342,6137
20357,6138
20375,6139
20386,6140
20404,6141
20407,6142
20426,6143
20429,6144
20434,6145
20488,6146
20524,6147
20525,6148
20538,6149
20539,6150
20546,6151
20548,6152
20553,6153
20560,6154
20575,6155
20578,6156
20598,6157
20599,6158
20610,6159
20616,6160
20624,6161
20631,6162
20665,6163
20666,6164
20668,6165
20686,6166
20722,6167
20742,6168
20751,6169
20753,6170
20762,6171
20774,6172
20780,6173
20783,6174
20784,6175
20785,6176
20795,6177
20806,6178
20807,6179
20846,6180
20858,6181
20860,6182
20881,6183
20890,6184
20897,6185
20908,6186
20913,6187
20916,6188
20917,6189
20921,6190
20922,6191
20925,6192
20929,6193
20931,6194
20944,6195
20945,6196
20966,6197
20967,6198
20975,6199
20993,6200
21001,6201
21004,6202
21022,6203
21023,6204
21027,6205
21037,6206
21039,6207
21115,6208
21138,6209
21145,6210
21146,6211
21152,6212
21158,6213
21180,6214
21184,6215
21190,6216
21192,6217
21200,6218
21203,6219
21206,6220
21233,6221
21236,6222
21239,6223
21243,6224
21250,6225
21264,6226
21267,6227
21281,6228
21285,6229
21293,6230
21294,6231
21306,6232
21330,6233
21336,6234
21345,6235
21349,6236
21353,6237
21367,6238
21371,6239
21386,6240
21398,6241
21411,6242
21418,6243
21426,6244
21435,6245
21445,6246
21455,6247
21458,6248
21461,6249
21465,6250
21521,6251
21530,6252
21540,6253
21560,6254
21563,6255
21569,6256
21571,6257
21572,6258
21588,6259
21590,6260
21600,6261
21604,6262
21606,6263
21608,6264
21625,6265
21631,6266
21674,6267
21675,6268
21694,6269
21696,6270
21698,6271
21701,6272
21721,6273
21732,6274
21733,6275
21736,6276
21742,6277
21767,6278
21800,6279
21809,6280
21820,6281
21823,6282
21824,6283
21840,6284
21842,6285
21854,6286
21856,6287
21883,6288
21886,6289
21892,6290
21904,6291
21909,6292
21911,6293
21922,6294
21923,6295
21932,6296
21940,6297
21943,6298
21945,6299
21955,6300
21956,6301
21957,6302
21961,6303
21967,6304
21981,6305
22000,6306
22008,6307
22009,6308
22018,6309
22025,6310
22030,6311
22033,6312
22034,6313
22063,6314
22067,6315
22071,6316
22084,6317
22108,6318
22131,6319
22138,6320
22155,6321
22179,6322
22189,6323
22201,6324
22204,6325
22215,6326
22259,6327
22262,6328
22266,6329
22290,6330
22293,6331
22296,6332
22305,6333
22313,6334
22319,6335
22330,6336
22341,6337
22363,6338
22393,6339
22394,6340
22398,6341
22399,6342
22421,6343
22426,6344
22440,6345
22449,6346
22450,6347
22454,6348
22466,6349
22472,6350
22480,6351
22496,6352
22509,6353
22514,6354
22519,6355
22522,6356
22526,6357
22549,6358
22554,6359
22560,6360
22569,6361
22571,6362
22572,6363
22587,6364
22591,6365
22592,6366
22595,6367
22596,6368
22608,6369
22636,6370
22657,6371
22663,6372
22672,6373
22691,6374
22698,6375
22699,6376
22712,6377
22716,6378
22722,6379
22725,6380
22739,6381
22742,6382
22744,6383
22745,6384
22762,6385
22763,6386
22764,6387
22766,6388
22770,6389
22772,6390
22775,6391
22784,6392
22788,6393
22791,6394
22801,6395
22814,6396
22852,6397
22853,6398
22862,6399
22869,6400
22881,6401
22888,6402
22889,6403
22909,6404
22919,6405
22920,6406
22928,6407
22942,6408
22961,6409
22964,6410
22966,6411
22971,6412
22984,6413
22996,6414
22997,6415
23004,6416
23005,6417
23010,6418
23011,6419
23015,6420
23036,6421
23052,6422
23061,6423
23065,6424
23080,6425
23103,6426
23109,6427
23120,6428
23145,6429
23146,6430
23154,6431
23160,6432
23165,6433
23176,6434
23184,6435
23204,6436
23219,6437
23225,6438
23233,6439
23273,6440
23275,6441
23282,6442
23285,6443
23292,6444
23295,6445
23324,6446
23325,6447
23348,6448
23359,6449
23372,6450
23378,6451
23380,6452
23386,6453
23388,6454
23410,6455
23415,6456
23417,6457
23425,6458
23430,6459
23437,6460
23457,6461
23468,6462
23473,6463
23495,6464
23500,6465
23510,6466
23516,6467
23517,6468
23527,6469
23538,6470
23539,6471
23542,6472
23544,6473
23549,6474
23552,6475
23556,6476
23561,6477
23571,6478
23587,6479
23605,6480
23612,6481
23613,6482
23618,6483
23626,6484
23645,6485
23661,6486
23663,6487
23666,6488
23670,6489
23684,6490
23695,6491
23699,6492
23725,6493
23734,6494
23739,6495
23751,6496
23757,6497
23786,6498
23813,6499
23823,6500
23842,6501
23845,6502
23851,6503
23890,6504
23909,6505
23915,6506
23920,6507
23922,6508
23927,6509
23930,6510
23931,6511
23943,6512
23954,6513
23967,6514
23970,6515
23987,6516
23990,6517
23994,6518
23998,6519
24010,6520
24013,6521
24017,6522
24045,6523
24063,6524
24083,6525
24104,6526
24128,6527
24140,6528
24198,6529
24201,6530
24208,6531
24221,6532
24227,6533
24229,6534
24267,6535
24276,6536
24280,6537
24289,6538
24303,6539
24341,6540
24366,6541
24371,6542
24373,6543
24375,6544
24377,6545
24382,6546
24397,6547
24412,6548
24437,6549
24441,6550
24445,6551
24469,6552
24474,6553
24479,6554
24480,6555
24502,6556
24527,6557
24541,6558
24568,6559
24572,6560
24582,6561
24589,6562
24591,6563
24593,6564
24594,6565
24610,6566
24611,6567
24614,6568
24633,6569
24634,6570
24635,6571
24665,6572
24675,6573
24721,6574
24731,6575
24736,6576
24739,6577
24752,6578
24763,6579
24782,6580
24806,6581
24821,6582
24856,6583
24862,6584
24895,6585
24912,6586
24915,6587
24949,6588
24959,6589
24989,6590
24991,6591
25014,6592
25031,6593
25102,6594
25108,6595
25126,6596
25137,6597
25154,6598
25167,6599
25193,6600
25203,6601
25208,6602
25213,6603
25214,6604
25238,6605
25247,6606
25251,6607
25285,6608
25318,6609
25333,6610
25341,6611
25352,6612
25355,6613
25369,6614
25371,6615
25375,6616
25377,6617
25379,6618
25391,6619
25394,6620
25396,6621
25425,6622
25429,6623
25439,6624
25445,6625
25452,6626
25472,6627
25482,6628
25497,6629
25498,6630
25500,6631
25501,6632
25516,6633
25541,6634
25567,6635
25574,6636
25587,6637
25594,6638
25609,6639
25619,6640
25640,6641
25656,6642
25690,6643
25708,6644
25721,6645
25753,6646
25762,6647
25766,6648
25772,6649
25806,6650
25813,6651
25814,6652
25825,6653
25844,6654
25848,6655
25850,6656
25857,6657
25863,6658
25874,6659
25883,6660
25885,6661
25895,6662
25897,6663
25903,6664
25922,6665
25939,6666
25968,6667
25973,6668
25982,6669
25992,6670
26002,6671
26008,6672
26014,6673
26025,6674
26046,6675
26051,6676
26053,6677
26069,6678
26075,6679
26077,6680
26085,6681
26094,6682
26102,6683
26108,6684
26134,6685
26144,6686
26146,6687
26151,6688
26156,6689
26168,6690
26174,6691
26176,6692
26201,6693
26205,6694
26208,6695
26216,6696
26224,6697
26241,6698
26245,6699
26251,6700
26253,6701
26257,6702
26274,6703
26283,6704
26292,6705
26294,6706
26332,6707
26334,6708
26348,6709
26381,6710
26385,6711
26386,6712
26388,6713
26411,6714
26416,6715
26433,6716
26444,6717
26452,6718
26462,6719
26479,6720
26486,6721
26493,6722
26514,6723
26533,6724
26539,6725
26547,6726
26552,6727
26560,6728
26561,6729
26562,6730
26565,6731
26597,6732
26598,6733
26615,6734
26633,6735
26666,6736
26675,6737
26680,6738
26684,6739
26687,6740
26689,6741
26691,6742
26702,6743
26704,6744
26706,6745
26714,6746
26740,6747
26750,6748
26754,6749
26762,6750
26767,6751
26768,6752
26769,6753
26793,6754
26802,6755
26814,6756
26852,6757
26866,6758
26868,6759
26884,6760
26887,6761
26897,6762
26905,6763
26910,6764
26921,6765
26923,6766
26925,6767
26950,6768
26961,6769
26975,6770
27020,6771
27035,6772
27071,6773
27074,6774
27082,6775
27089,6776
27109,6777
27172,6778
27174,6779
27176,6780
27193,6781
27199,6782
27205,6783
27209,6784
27219,6785
27222,6786
27247,6787
27248,6788
27272,6789
27331,6790
27351,6791
27365,6792
27378,6793
27381,6794
27397,6795
27412,6796
27417,6797
27424,6798
27426,6799
27431,6800
27448,6801
27453,6802
27454,6803
27457,6804
27459,6805
27490,6806
27509,6807
27512,6808
27540,6809
27543,6810
27551,6811
27603,6812
27621,6813
27635,6814
27665,6815
27669,6816
27675,6817
27698,6818
27705,6819
27754,6820
27767,6821
27804,6822
27829,6823
27831,6824
27852,6825
27867,6826
27881,6827
27921,6828
27936,6829
27949,6830
27960,6831
27977,6832
27978,6833
27984,6834
28002,6835
28005,6836
28052,6837
28091,6838
28110,6839
28111,6840
28117,6841
28136,6842
28147,6843
28179,6844
28186,6845
28220,6846
28228,6847
28233,6848
28240,6849
28274,6850
28293,6851
28305,6852
28316,6853
28333,6854
28339,6855
28357,6856
28365,6857
28434,6858
28461,6859
28463,6860
28473,6861
28477,6862
28489,6863
28490,6864
28492,6865
28520,6866
28522,6867
28544,6868
28545,6869
28564,6870
28567,6871
28571,6872
28572,6873
28578,6874
28580,6875
28588,6876
28593,6877
28645,6878
28665,6879
28688,6880
28695,6881
28698,6882
28723,6883
28729,6884
28730,6885
28751,6886
28753,6887
28756,6888
28764,6889
28782,6890
28794,6891
28796,6892
28800,6893
28804,6894
28820,6895
28824,6896
28833,6897
28883,6898
28896,6899
28913,6900
28915,6901
28917,6902
28927,6903
28947,6904
28997,6905
29009,6906
29023,6907
29045,6908
29054,6909
29089,6910
29091,6911
29106,6912
29122,6913
29123,6914
29132,6915
29144,6916
29180,6917
29186,6918
29217,6919
29236,6920
29237,6921
29244,6922
29257,6923
29268,6924
29280,6925
29294,6926
29296,6927
29302,6928
29315,6929
29317,6930
29324,6931
29325,6932
29326,6933
29332,6934
29348,6935
29371,6936
29417,6937
29424,6938
29436,6939
29437,6940
29442,6941
29473,6942
29485,6943
29487,6944
29521,6945
29555,6946
29572,6947
29580,6948
29583,6949
29617,6950
29621,6951
29637,6952
29651,6953
29666,6954
29675,6955
29701,6956
29709,6957
29734,6958
29746,6959
29766,6960
29807,6961
29811,6962
29817,6963
29835,6964
29868,6965
29873,6966
29925,6967
29927,6968
29941,6969
29950,6970
30027,6971
30039,6972
30058,6973
30079,6974
30080,6975
30082,6976
30108,6977
30123,6978
30150,6979
30162,6980
30189,6981
30196,6982
30200,6983
30208,6984
30235,6985
30245,6986
30256,6987
30257,6988
30324,6989
30358,6990
30386,6991
30389,6992
30403,6993
30437,6994
30451,6995
30482,6996
30497,6997
30523,6998
30530,6999
30540,7000
30547,7001
30552,7002
30555,7003
30571,7004
30574,7005
30577,7006
30591,7007
30598,7008
30619,7009
30635,7010
30645,7011
30697,7012
30710,7013
30730,7014
30731,7015
30759,7016
30807,7017
30808,7018
30841,7019
30846,7020
30856,7021
30858,7022
30887,7023
30968,7024
30979,7025
30995,7026
31017,7027
31019,7028
31031,7029
31056,7030
31074,7031
31082,7032
31098,7033
31101,7034
31117,7035
31150,7036
31157,7037
31158,7038
31169,7039
31184,7040
31185,7041
31190,7042
31207,7043
31218,7044
31219,7045
31227,7046
31230,7047
31235,7048
31262,7049
31266,7050
31274,7051
31275,7052
31278,7053
31281,7054
31285,7055
31286,7056
31288,7057
31289,7058
31298,7059
31300,7060
31301,7061
31316,7062
31317,7063
31377,7064
31379,7065
31391,7066
31423,7067
31443,7068
31454,7069
31510,7070
31546,7071
31573,7072
31636,7073
31637,7074
31654,7075
31655,7076
31664,7077
31665,7078
31694,7079
31695,7080
31696,7081
31700,7082
31749,7083
31756,7084
31765,7085
31771,7086
31801,7087
31805,7088
31808,7089
31827,7090
31851,7091
31854,7092
31855,7093
31895,7094
31910,7095
31921,7096
31926,7097
31938,7098
31948,7099
31957,7100
31974,7101
32009,7102
32024,7103
32026,7104
32028,7105
32042,7106
32065,7107
32068,7108
32082,7109
32088,7110
32100,7111
32136,7112
32141,7113
32158,7114
32169,7115
32184,7116
32205,7117
32216,7118
32222,7119
32237,7120
32248,7121
32264,7122
32279,7123
32313,7124
32346,7125
32349,7126
32355,7127
32369,7128
32373,7129
32411,7130
32419,7131
32439,7132
32452,7133
32463,7134
32483,7135
32485,7136
32486,7137
32523,7138
32527,7139
32530,7140
32533,7141
32535,7142
32550,7143
32557,7144
32561,7145
32572,7146
32588,7147
32609,7148
32635,7149
32645,7150
32649,7151
32673,7152
32686,7153
32694,7154
32714,7155
32729,7156
32767,7157
32768,7158
32770,7159
32804,7160
32844,7161
32858,7162
32860,7163
32893,7164
32901,7165
32914,7166
32925,7167
32946,7168
32949,7169
32976,7170
32994,7171
33012,7172
33015,7173
33024,7174
33030,7175
33033,7176
33038,7177
33055,7178
33066,7179
33080,7180
33081,7181
33100,7182
33104,7183
33123,7184
33143,7185
33146,7186
33165,7187
33235,7188
33248,7189
33253,7190
33265,7191
33332,7192
33339,7193
33341,7194
33353,7195
33354,7196
33358,7197
33360,7198
33364,7199
33383,7200
33396,7201
33401,7202
33418,7203
33452,7204
33464,7205
33482,7206
33524,7207
33535,7208
33573,7209
33604,7210
33605,7211
33624,7212
33647,7213
33651,7214
33678,7215
33717,7216
33728,7217
33731,7218
33732,7219
33736,7220
33739,7221
33744,7222
33781,7223
33794,7224
33831,7225
33841,7226
33897,7227
33943,7228
33952,7229
33969,7230
33994,7231
34029,7232
34091,7233
34099,7234
34120,7235
34171,7236
34174,7237
34206,7238
34232,7239
34233,7240
34271,7241
34273,7242
34315,7243
34330,7244
34382,7245
34392,7246
34413,7247
34437,7248
34451,7249
34454,7250
34455,7251
34490,7252
34500,7253
34518,7254
34567,7255
34589,7256
34590,7257
34605,7258
34625,7259
34633,7260
34665,7261
34680,7262
34684,7263
34759,7264
34812,7265
34841,7266
34845,7267
34848,7268
34856,7269
34859,7270
34860,7271
34870,7272
34885,7273
34886,7274
34893,7275
34895,7276
34907,7277
34927,7278
34935,7279
34958,7280
34987,7281
34992,7282
34995,7283
34999,7284
35021,7285
35053,7286
35056,7287
35098,7288
35099,7289
35126,7290
35139,7291
35141,7292
35171,7293
35176,7294
35208,7295
35242,7296
35249,7297
35270,7298
35301,7299
35326,7300
35329,7301
35333,7302
35343,7303
35370,7304
35376,7305
35380,7306
35383,7307
35407,7308
35409,7309
35412,7310
35421,7311
35429,7312
35449,7313
35453,7314
35485,7315
35511,7316
35520,7317
35521,7318
35527,7319
35539,7320
35585,7321
35593,7322
35594,7323
35597,7324
35610,7325
35613,7326
35615,7327
35647,7328
35652,7329
35658,7330
35671,7331
35674,7332
35678,7333
35681,7334
35695,7335
35759,7336
35787,7337
35795,7338
35838,7339
35842,7340
35867,7341
35883,7342
35907,7343
35908,7344
35915,7345
35936,7346
35941,7347
35942,7348
35950,7349
35978,7350
35987,7351
36051,7352
36086,7353
36109,7354
36137,7355
36158,7356
36165,7357
36173,7358
36187,7359
36228,7360
36232,7361
36264,7362
36267,7363
36286,7364
36340,7365
36346,7366
36348,7367
36363,7368
36370,7369
36375,7370
36386,7371
36407,7372
36458,7373
36480,7374
36515,7375
36526,7376
36528,7377
36535,7378
36548,7379
36576,7380
36588,7381
36599,7382
36624,7383
36637,7384
36674,7385
36711,7386
36712,7387
36724,7388
36734,7389
36740,7390
36754,7391
36771,7392
36798,7393
36802,7394
36807,7395
36833,7396
36840,7397
36854,7398
36860,7399
36876,7400
36902,7401
36953,7402
36962,7403
36977,7404
36979,7405
36983,7406
37002,7407
37020,7408
37024,7409
37050,7410
37053,7411
37072,7412
37109,7413
37121,7414
37153,7415
37155,7416
37160,7417
37169,7418
37193,7419
37224,7420
37238,7421
37245,7422
37247,7423
37261,7424
37267,7425
37268,7426
37299,7427
37395,7428
37401,7429
37453,7430
37458,7431
37488,7432
37551,7433
37556,7434
37560,7435
37592,7436
37593,7437
37596,7438
37601,7439
37614,7440
37628,7441
37634,7442
37685,7443
37721,7444
37757,7445
37763,7446
37774,7447
37781,7448
37819,7449
37826,7450
37838,7451
37882,7452
37885,7453
37892,7454
37961,7455
38002,7456
38029,7457
38040,7458
38043,7459
38045,7460
38067,7461
38092,7462
38103,7463
38111,7464
38161,7465
38164,7466
38213,7467
38233,7468
38260,7469
38263,7470
38304,7471
38317,7472
38326,7473
38333,7474
38345,7475
38346,7476
38351,7477
38368,7478
38396,7479
38397,7480
38450,7481
38482,7482
38490,7483
38495,7484
38505,7485
38551,7486
38567,7487
38597,7488
38599,7489
38608,7490
38614,7491
38615,7492
38651,7493
38652,7494
38656,7495
38750,7496
38756,7497
38771,7498
38809,7499
38826,7500
38861,7501
38882,7502
38886,7503
38888,7504
38895,7505
38909,7506
38910,7507
38929,7508
38961,7509
38966,7510
38982,7511
38987,7512
38998,7513
39001,7514
39030,7515
39036,7516
39041,7517
39056,7518
39073,7519
39082,7520
39089,7521
39090,7522
39095,7523
39114,7524
39115,7525
39117,7526
39129,7527
39131,7528
39148,7529
39162,7530
39174,7531
39186,7532
39246,7533
39290,7534
39308,7535
39343,7536
39345,7537
39383,7538
39387,7539
39390,7540
39437,7541
39438,7542
39447,7543
39475,7544
39510,7545
39519,7546
39529,7547
39555,7548
39558,7549
39608,7550
39628,7551
39645,7552
39661,7553
39676,7554
39680,7555
39708,7556
39738,7557
39746,7558
39757,7559
39771,7560
39781,7561
39824,7562
39826,7563
39841,7564
39848,7565
39875,7566
39877,7567
39895,7568
39912,7569
39922,7570
39928,7571
39933,7572
39942,7573
39970,7574
40003,7575
40068,7576
40070,7577
40086,7578
40109,7579
40113,7580
40129,7581
40139,7582
40145,7583
40154,7584
40157,7585
40161,7586
40190,7587
40193,7588
40197,7589
40226,7590
40236,7591
40252,7592
40261,7593
40267,7594
40296,7595
40299,7596
40315,7597
40341,7598
40356,7599
40392,7600
40447,7601
40478,7602
40485,7603
40489,7604
40491,7605
40514,7606
40524,7607
40544,7608
40548,7609
40566,7610
40570,7611
40571,7612
40603,7613
40614,7614
40619,7615
40623,7616
40634,7617
40636,7618
40687,7619
40696,7620
40705,7621
40712,7622
40725,7623
40728,7624
40740,7625
40743,7626
40747,7627
40791,7628
40794,7629
40802,7630
40808,7631
40810,7632
40845,7633
40865,7634
40894,7635
40895,7636
40906,7637
40934,7638
40951,7639
40958,7640
40967,7641
40970,7642
40984,7643
40989,7644
41000,7645
41027,7646
41037,7647
41080,7648
41124,7649
41135,7650
41145,7651
41164,7652
41193,7653
41214,7654
41221,7655
41257,7656
41280,7657
41294,7658
41297,7659
41304,7660
41309,7661
41347,7662
41380,7663
41396,7664
41442,7665
41472,7666
41478,7667
41500,7668
41510,7669
41519,7670
41535,7671
41543,7672
41546,7673
41557,7674
41571,7675
41583,7676
41595,7677
41605,7678
41617,7679
41622,7680
41647,7681
41673,7682
41700,7683
41735,7684
41766,7685
41767,7686
41773,7687
41845,7688
41858,7689
41878,7690
41909,7691
41949,7692
41952,7693
41977,7694
41981,7695
41994,7696
42007,7697
42017,7698
42026,7699
42056,7700
42085,7701
42090,7702
42107,7703
42132,7704
42140,7705
42158,7706
42172,7707
42233,7708
42247,7709
42269,7710
42291,7711
42304,7712
42354,7713
42368,7714
42416,7715
42430,7716
42480,7717
42497,7718
42522,7719
42525,7720
42551,7721
42627,7722
42639,7723
42668,7724
42710,7725
42750,7726
42751,7727
42756,7728
42784,7729
42838,7730
42849,7731
42865,7732
42874,7733
42924,7734
42945,7735
42946,7736
42961,7737
42967,7738
42980,7739
42982,7740
42988,7741
42992,7742
43002,7743
43030,7744
43032,7745
43034,7746
43059,7747
43084,7748
43116,7749
43120,7750
43145,7751
43159,7752
43177,7753
43187,7754
43193,7755
43201,7756
43228,7757
43229,7758
43263,7759
43305,7760
43330,7761
43337,7762
43358,7763
43374,7764
43380,7765
43384,7766
43385,7767
43418,7768
43432,7769
43477,7770
43484,7771
43519,7772
43533,7773
43583,7774
43609,7775
43619,7776
43636,7777
43655,7778
43657,7779
43682,7780
43717,7781
43722,7782
43734,7783
43775,7784
43788,7785
43810,7786
43819,7787
43850,7788
43887,7789
43893,7790
43935,7791
43937,7792
43956,7793
43982,7794
43984,7795
44014,7796
44153,7797
44158,7798
44166,7799
44167,7800
44168,7801
44187,7802
44222,7803
44223,7804
44247,7805
44350,7806
44387,7807
44390,7808
44400,7809
44408,7810
44444,7811
44471,7812
44488,7813
44538,7814
44628,7815
44656,7816
44673,7817
44675,7818
44751,7819
44777,7820
44791,7821
44800,7822
44814,7823
44818,7824
44829,7825
44866,7826
44870,7827
44872,7828
44918,7829
44954,7830
45021,7831
45039,7832
45040,7833
45061,7834
45095,7835
45107,7836
45113,7837
45129,7838
45158,7839
45212,7840
45237,7841
45377,7842
45379,7843
45406,7844
45411,7845
45445,7846
45465,7847
45547,7848
45569,7849
45636,7850
45644,7851
45693,7852
45705,7853
45709,7854
45727,7855
45746,7856
45832,7857
45884,7858
45903,7859
45940,7860
45950,7861
45983,7862
45993,7863
46045,7864
46058,7865
46087,7866
46089,7867
46091,7868
46094,7869
46099,7870
46120,7871
46204,7872
46279,7873
46280,7874
46324,7875
46328,7876
46335,7877
46337,7878
46355,7879
46402,7880
46432,7881
46447,7882
46456,7883
46471,7884
46477,7885
46492,7886
46507,7887
46512,7888
46564,7889
46569,7890
46597,7891
46606,7892
46631,7893
46780,7894
46805,7895
46819,7896
46829,7897
46830,7898
46832,7899
46862,7900
46886,7901
46889,7902
46900,7903
46930,7904
46955,7905
46984,7906
47019,7907
47021,7908
47041,7909
47048,7910
47054,7911
47076,7912
47133,7913
47144,7914
47150,7915
47161,7916
47222,7917
47236,7918
47242,7919
47250,7920
47255,7921
47260,7922
47292,7923
47299,7924
47304,7925
47373,7926
47394,7927
47404,7928
47419,7929
47453,7930
47479,7931
47484,7932
47492,7933
47530,7934
47555,7935
47566,7936
47587,7937
47592,7938
47612,7939
47675,7940
47732,7941
47747,7942
47782,7943
47822,7944
47859,7945
47931,7946
47948,7947
47954,7948
48011,7949
48014,7950
48016,7951
48032,7952
48034,7953
48057,7954
48112,7955
48161,7956
48168,7957
48183,7958
48188,7959
48237,7960
48244,7961
48319,7962
48332,7963
48334,7964
48382,7965
48415,7966
48435,7967
48449,7968
48450,7969
48452,7970
48455,7971
48459,7972
48496,7973
48504,7974
48599,7975
48620,7976
48630,7977
48641,7978
48687,7979
48694,7980
48743,7981
48744,7982
48749,7983
48768,7984
48813,7985
48820,7986
48853,7987
48871,7988
48900,7989
48918,7990
48919,7991
48931,7992
48955,7993
48999,7994
49005,7995
49017,7996
49033,7997
49082,7998
49154,7999
49168,8000
49184,8001
49188,8002
49199,8003
49235,8004
49281,8005
49336,8006
49371,8007
49375,8008
49392,8009
49454,8010
49491,8011
49513,8012
49516,8013
49551,8014
49659,8015
49674,8016
49690,8017
49715,8018
49724,8019
49743,8020
49751,8021
49775,8022
49784,8023
49835,8024
49893,8025
49902,8026
49919,8027
50011,8028
50016,8029
50055,8030
50127,8031
50144,8032
50172,8033
50177,8034
50224,8035
50251,8036
50312,8037
50394,8038
50416,8039
50427,8040
50430,8041
50495,8042
50515,8043
50551,8044
50574,8045
50600,8046
50642,8047
50665,8048
50683,8049
50686,8050
50687,8051
50733,8052
50743,8053
50745,8054
50761,8055
50772,8056
50804,8057
50871,8058
50910,8059
50921,8060
50922,8061
51000,8062
51032,8063
51108,8064
51123,8065
51158,8066
51185,8067
51189,8068
51193,8069
51217,8070
51223,8071
51228,8072
51232,8073
51247,8074
51250,8075
51275,8076
